	embedding_weak_chi2	proba_weak	embedding_weak	proba	embedding
embedding_weak_chi2	1.0	0.1794662644591224	0.9	0.610810259022071	0.7243188684112063
proba_weak	0.1794662644591224	1.0	0.4971255268182868	0.9	0.006071443763657536
embedding_weak	0.9	0.4971255268182868	1.0	0.9	0.3744368275294072
proba	0.610810259022071	0.9	0.9	1.0	0.07047640293824908
embedding	0.7243188684112063	0.006071443763657536	0.3744368275294072	0.07047640293824908	1.0
