	embedding_weak_chi2	proba_weak	embedding_weak	proba	embedding
embedding_weak_chi2	1.0	0.9	0.9	0.9	0.4971255268182875
proba_weak	0.9	1.0	0.9	0.9	0.4971255268182875
embedding_weak	0.9	0.9	1.0	0.7243188684112065	0.26591809226145546
proba	0.9	0.9	0.7243188684112065	1.0	0.9
embedding	0.4971255268182875	0.4971255268182875	0.26591809226145546	0.9	1.0
