	embedding_weak_chi2	proba_weak	embedding_weak	proba	embedding
embedding_weak_chi2	1.0	0.17946626445912217	0.9	0.9	0.37443682752940766
proba_weak	0.17946626445912217	1.0	0.37443682752940766	0.2659180922614556	0.001
embedding_weak	0.9	0.37443682752940766	1.0	0.9	0.17946626445912217
proba	0.9	0.2659180922614556	0.9	1.0	0.2659180922614556
embedding	0.37443682752940766	0.001	0.17946626445912217	0.2659180922614556	1.0
