	embedding_weak_chi2	proba_weak	embedding_weak	proba	embedding
embedding_weak_chi2	1.0	0.610810259022071	0.9	0.006071443763657536	0.1154003029882752
proba_weak	0.610810259022071	1.0	0.49712552681828726	0.2659180922614556	0.8378224470053398
embedding_weak	0.9	0.49712552681828726	1.0	0.002942051328913786	0.07047640293821211
proba	0.006071443763657536	0.2659180922614556	0.002942051328913786	1.0	0.8378224470053398
embedding	0.1154003029882752	0.8378224470053398	0.07047640293821211	0.8378224470053398	1.0
