	embedding_weak_chi2	proba_weak	embedding_weak	proba	embedding
embedding_weak_chi2	1.0	0.17946626445912217	0.9	0.002942051328913786	0.2659180922614556
proba_weak	0.17946626445912217	1.0	0.2659180922614556	0.610810259022071	0.9
embedding_weak	0.9	0.2659180922614556	1.0	0.006071443763657536	0.37443682752940766
proba	0.002942051328913786	0.610810259022071	0.006071443763657536	1.0	0.49712552681828726
embedding	0.2659180922614556	0.9	0.37443682752940766	0.49712552681828726	1.0
