	embedding_weak_chi2	proba_weak	embedding_weak	proba	embedding
embedding_weak_chi2	1.0	0.49712552681828637	0.9	0.9	0.4971255268182875
proba_weak	0.49712552681828637	1.0	0.7243188684112062	0.8378224470053395	0.011995854551952512
embedding_weak	0.9	0.7243188684112062	1.0	0.9	0.2659180922614556
proba	0.9	0.8378224470053395	0.9	1.0	0.17946626445912217
embedding	0.4971255268182875	0.011995854551952512	0.2659180922614556	0.17946626445912217	1.0
