	embedding_weak_chi2	proba_weak	embedding_weak	proba	embedding
embedding_weak_chi2	1.0	0.9	0.9	0.9	0.2659180922614556
proba_weak	0.9	1.0	0.9	0.9	0.07047640293824908
embedding_weak	0.9	0.9	1.0	0.9	0.11540030298827397
proba	0.9	0.9	0.9	1.0	0.2659180922614556
embedding	0.2659180922614556	0.07047640293824908	0.11540030298827397	0.2659180922614556	1.0
