	embedding_weak_chi2	proba_weak	embedding_weak	proba	embedding
embedding_weak_chi2	1.0	0.2659180922614556	0.9	0.9	0.2659180922614556
proba_weak	0.2659180922614556	1.0	0.610810259022071	0.07047640293821211	0.001
embedding_weak	0.9	0.610810259022071	1.0	0.7243188684112062	0.07047640293821211
proba	0.9	0.07047640293821211	0.7243188684112062	1.0	0.610810259022071
embedding	0.2659180922614556	0.001	0.07047640293821211	0.610810259022071	1.0
