	embedding_weak_chi2	proba_weak	embedding_weak	proba	embedding
embedding_weak_chi2	1.0	0.002942051328913786	0.9	0.1154003029882752	0.37443682752940766
proba_weak	0.002942051328913786	1.0	0.006071443763657536	0.7243188684112062	0.37443682752940766
embedding_weak	0.9	0.006071443763657536	1.0	0.1794662644591224	0.49712552681828726
proba	0.1154003029882752	0.7243188684112062	0.1794662644591224	1.0	0.9
embedding	0.37443682752940766	0.37443682752940766	0.49712552681828726	0.9	1.0
