	embedding_weak_chi2	proba_weak	embedding_weak	proba	embedding
embedding_weak_chi2	1.0	0.610810259022071	0.9	0.05396254294093483	0.004247966708778694
proba_weak	0.610810259022071	1.0	0.8378224470053398	0.6675655319684728	0.22000392308985184
embedding_weak	0.9	0.8378224470053398	1.0	0.14467269003876482	0.016585147862772875
proba	0.05396254294093483	0.6675655319684728	0.14467269003876482	1.0	0.9
embedding	0.004247966708778694	0.22000392308985184	0.016585147862772875	0.9	1.0
