	embedding_weak_chi2	proba_weak	embedding_weak	proba	embedding
embedding_weak_chi2	1.0	0.781071258130788	0.9	0.9	0.9
proba_weak	0.781071258130788	1.0	0.781071258130788	0.9	0.781071258130788
embedding_weak	0.9	0.781071258130788	1.0	0.9	0.9
proba	0.9	0.9	0.9	1.0	0.9
embedding	0.9	0.781071258130788	0.9	0.9	1.0
