	embedding_weak_chi2	proba_weak	embedding_weak	proba	embedding
embedding_weak_chi2	1.0	0.5540609638468026	0.9	0.09041700015785326	0.8378224470053398
proba_weak	0.5540609638468026	1.0	0.2659180922614556	0.8378224470053398	0.09041700015785326
embedding_weak	0.9	0.2659180922614556	1.0	0.022660626220582847	0.9
proba	0.09041700015785326	0.8378224470053398	0.022660626220582847	1.0	0.004247966708778805
embedding	0.8378224470053398	0.09041700015785326	0.9	0.004247966708778805	1.0
