	embedding_weak_chi2	proba_weak	embedding_weak	proba	embedding
embedding_weak_chi2	1.0	0.37443682752940766	0.9	0.04090200577890224	0.7243188684112062
proba_weak	0.37443682752940766	1.0	0.7243188684112062	0.8378224470053398	0.022660626220582847
embedding_weak	0.9	0.7243188684112062	1.0	0.17946626445912217	0.37443682752940766
proba	0.04090200577890224	0.8378224470053398	0.17946626445912217	1.0	0.001
embedding	0.7243188684112062	0.022660626220582847	0.37443682752940766	0.001	1.0
