	embedding_weak_chi2	proba_weak	embedding_weak	proba	embedding
embedding_weak_chi2	1.0	0.9	0.7810712581307878	0.9	0.17946626445912217
proba_weak	0.9	1.0	0.9	0.7243188684112062	0.5540609638468026
embedding_weak	0.7810712581307878	0.9	1.0	0.49712552681828726	0.7810712581307878
proba	0.9	0.7243188684112062	0.49712552681828726	1.0	0.05396254294088054
embedding	0.17946626445912217	0.5540609638468026	0.7810712581307878	0.05396254294088054	1.0
