	embedding_weak_chi2	proba_weak	embedding_weak	proba	embedding
embedding_weak_chi2	1.0	0.04090200577890224	0.9	0.9	0.9
proba_weak	0.04090200577890224	1.0	0.22000392308985195	0.14467269003876482	0.04090200577890224
embedding_weak	0.9	0.22000392308985195	1.0	0.9	0.9
proba	0.9	0.14467269003876482	0.9	1.0	0.9
embedding	0.9	0.04090200577890224	0.9	0.9	1.0
