	embedding_weak_chi2	proba_weak	embedding_weak	proba	embedding
embedding_weak_chi2	1.0	0.04090200577890224	0.8945782075082741	0.9	0.9
proba_weak	0.04090200577890224	1.0	0.31720586807524165	0.09041700015785326	0.04090200577890224
embedding_weak	0.8945782075082741	0.31720586807524165	1.0	0.9	0.8945782075082741
proba	0.9	0.09041700015785326	0.9	1.0	0.9
embedding	0.9	0.04090200577890224	0.8945782075082741	0.9	1.0
