	embedding_weak_chi2	proba_weak	embedding_weak	proba	embedding
embedding_weak_chi2	1.0	0.8378224470053398	0.9	0.1794662644591224	0.9
proba_weak	0.8378224470053398	1.0	0.610810259022071	0.7243188684112065	0.3744368275294072
embedding_weak	0.9	0.610810259022071	1.0	0.07047640293824908	0.9
proba	0.1794662644591224	0.7243188684112065	0.07047640293824908	1.0	0.022660626220582847
embedding	0.9	0.3744368275294072	0.9	0.022660626220582847	1.0
