	embedding_weak_chi2	proba_weak	embedding_weak	proba	embedding
embedding_weak_chi2	1.0	0.7243188684112065	0.9	0.49712552681828726	0.11540030298827397
proba_weak	0.7243188684112065	1.0	0.610810259022071	0.04090200577890224	0.002942051328913786
embedding_weak	0.9	0.610810259022071	1.0	0.610810259022071	0.17946626445912217
proba	0.49712552681828726	0.04090200577890224	0.610810259022071	1.0	0.9
embedding	0.11540030298827397	0.002942051328913786	0.17946626445912217	0.9	1.0
