	embedding	embedding_weak	embedding_weak_chi2	proba	proba_weak
embedding	1.0	0.16778108902518618	0.16778108902518618	0.002970836713688585	0.001
embedding_weak	0.16778108902518618	1.0	0.9	0.6310240265813227	0.007252569109660656
embedding_weak_chi2	0.16778108902518618	0.9	1.0	0.6310240265813227	0.007252569109660656
proba	0.002970836713688585	0.6310240265813227	0.6310240265813227	1.0	0.27354186029259575
proba_weak	0.001	0.007252569109660656	0.007252569109660656	0.27354186029259575	1.0
