	embedding	embedding_weak	embedding_weak_chi2	proba	proba_weak
embedding	1.0	0.01653739826324996	0.04198268804704064	0.01653739826324996	0.001
embedding_weak	0.01653739826324996	1.0	0.9	0.9	0.04198268804704086
embedding_weak_chi2	0.04198268804704064	0.9	1.0	0.9	0.01653739826324996
proba	0.01653739826324996	0.9	0.9	1.0	0.04198268804704086
proba_weak	0.001	0.04198268804704086	0.01653739826324996	0.04198268804704086	1.0
