	embedding	embedding_weak	embedding_weak_chi2	proba	proba_weak
embedding	1.0	0.04198268804704064	0.05905743955100806	0.024319178772926664	0.001
embedding_weak	0.04198268804704064	1.0	0.9	0.9	0.02010088917281927
embedding_weak_chi2	0.05905743955100806	0.9	1.0	0.9	0.013547616102204674
proba	0.024319178772926664	0.9	0.9	1.0	0.03516197658205922
proba_weak	0.001	0.02010088917281927	0.013547616102204674	0.03516197658205922	1.0
