	embedding	embedding_weak	embedding_weak_chi2	proba	proba_weak
embedding	1.0	0.5958291341628892	0.7366167476562767	0.0018562256091857465	0.001
embedding_weak	0.5958291341628892	1.0	0.9	0.14642724309722654	0.04198268804704086
embedding_weak_chi2	0.7366167476562767	0.9	1.0	0.08160772953265927	0.02010088917281916
proba	0.0018562256091857465	0.14642724309722654	0.08160772953265927	1.0	0.9
proba_weak	0.001	0.04198268804704086	0.02010088917281916	0.9	1.0
