	embedding	embedding_weak	embedding_weak_chi2	proba	proba_weak
embedding	1.0	0.21630856398802167	0.035161976582058996	0.002970836713688585	0.001
embedding_weak	0.21630856398802167	1.0	0.9	0.5606339638688922	0.002970836713688585
embedding_weak_chi2	0.035161976582058996	0.9	1.0	0.9	0.035161976582058996
proba	0.002970836713688585	0.5606339638688922	0.9	1.0	0.21630856398802167
proba_weak	0.001	0.002970836713688585	0.035161976582058996	0.21630856398802167	1.0
