	embedding	embedding_weak	embedding_weak_chi2	proba	proba_weak
embedding	1.0	0.002970836713688585	0.013547616102204674	0.9	0.007252569109660656
embedding_weak	0.002970836713688585	1.0	0.9	0.013547616102204674	0.9
embedding_weak_chi2	0.013547616102204674	0.9	1.0	0.04986135750624299	0.9
proba	0.9	0.013547616102204674	0.04986135750624299	1.0	0.029306207949795104
proba_weak	0.007252569109660656	0.9	0.9	0.029306207949795104	1.0
