	embedding	embedding_weak	embedding_weak_chi2	proba	proba_weak
embedding	1.0	0.877403404663107	0.9	0.002352518270628323	0.002352518270628323
embedding_weak	0.877403404663107	1.0	0.9	0.04986135750624654	0.04986135750624654
embedding_weak_chi2	0.9	0.9	1.0	0.003737170144454627	0.003737170144454627
proba	0.002352518270628323	0.04986135750624654	0.003737170144454627	1.0	0.9
proba_weak	0.002352518270628323	0.04986135750624654	0.003737170144454627	0.9	1.0
