	embedding	embedding_weak	embedding_weak_chi2	proba	proba_weak
embedding	1.0	0.9	0.9	0.21630856398802167	0.7014183733250922
embedding_weak	0.9	1.0	0.9	0.30528468430211475	0.8070088666473484
embedding_weak_chi2	0.9	0.9	1.0	0.08160772953265572	0.45140921380912036
proba	0.21630856398802167	0.30528468430211475	0.08160772953265572	1.0	0.9
proba_weak	0.7014183733250922	0.8070088666473484	0.45140921380912036	0.9	1.0
