	embedding_weak_chi2	proba_weak	embedding_weak	proba	embedding
embedding_weak_chi2	1.0	0.49712552681828637	0.9	0.9	0.37443682752940766
proba_weak	0.49712552681828637	1.0	0.7243188684112062	0.9	0.006071443763657536
embedding_weak	0.9	0.7243188684112062	1.0	0.9	0.17946626445912217
proba	0.9	0.9	0.9	1.0	0.07047640293821211
embedding	0.37443682752940766	0.006071443763657536	0.17946626445912217	0.07047640293821211	1.0
