	embedding_weak_chi2	proba_weak	embedding_weak	proba	embedding
embedding_weak_chi2	1.0	0.9	0.9	0.5540609638468026	0.9
proba_weak	0.9	1.0	0.9	0.6675655319684728	0.9
embedding_weak	0.9	0.9	1.0	0.610810259022071	0.9
proba	0.5540609638468026	0.6675655319684728	0.610810259022071	1.0	0.9
embedding	0.9	0.9	0.9	0.9	1.0
