	embedding_weak_chi2	proba_weak	embedding_weak	proba	embedding
embedding_weak_chi2	1.0	0.9	0.9	0.7243188684112062	0.2659180922614556
proba_weak	0.9	1.0	0.9	0.9	0.04090200577890224
embedding_weak	0.9	0.9	1.0	0.7243188684112062	0.2659180922614556
proba	0.7243188684112062	0.9	0.7243188684112062	1.0	0.011995854551952512
embedding	0.2659180922614556	0.04090200577890224	0.2659180922614556	0.011995854551952512	1.0
