	embedding_weak_chi2	proba_weak	embedding_weak	proba	embedding
embedding_weak_chi2	1.0	0.8378224470053398	0.7243188684112062	0.8378224470053398	0.17946626445912217
proba_weak	0.8378224470053398	1.0	0.9	0.2659180922614556	0.011995854551952512
embedding_weak	0.7243188684112062	0.9	1.0	0.17946626445912217	0.006071443763657536
proba	0.8378224470053398	0.2659180922614556	0.17946626445912217	1.0	0.7243188684112062
embedding	0.17946626445912217	0.011995854551952512	0.006071443763657536	0.7243188684112062	1.0
