	embedding_weak_chi2	proba_weak	embedding_weak	proba	embedding
embedding_weak_chi2	1.0	0.9	0.9	0.9	0.07047640293821211
proba_weak	0.9	1.0	0.9	0.9	0.04090200577890224
embedding_weak	0.9	0.9	1.0	0.9	0.1154003029882752
proba	0.9	0.9	0.9	1.0	0.17946626445912217
embedding	0.07047640293821211	0.04090200577890224	0.1154003029882752	0.17946626445912217	1.0
