	embedding_weak_chi2	proba_weak	embedding_weak	proba	embedding
embedding_weak_chi2	1.0	0.9	0.9	0.49712552681828726	0.07047640293821211
proba_weak	0.9	1.0	0.9	0.17946626445912217	0.011995854551952512
embedding_weak	0.9	0.9	1.0	0.17946626445912217	0.011995854551952512
proba	0.49712552681828726	0.17946626445912217	0.17946626445912217	1.0	0.8378224470053398
embedding	0.07047640293821211	0.011995854551952512	0.011995854551952512	0.8378224470053398	1.0
