	embedding_weak_chi2	proba_weak	embedding_weak	proba	embedding
embedding_weak_chi2	1.0	0.37443682752940766	0.9	0.1154003029882752	0.7243188684112063
proba_weak	0.37443682752940766	1.0	0.37443682752940766	0.9	0.022660626220582847
embedding_weak	0.9	0.37443682752940766	1.0	0.1154003029882752	0.7243188684112063
proba	0.1154003029882752	0.9	0.1154003029882752	1.0	0.002942051328913786
embedding	0.7243188684112063	0.022660626220582847	0.7243188684112063	0.002942051328913786	1.0
