	embedding_weak_chi2	proba_weak	embedding_weak	proba	embedding
embedding_weak_chi2	1.0	0.610810259022071	0.9	0.43559592735046815	0.09041700015785326
proba_weak	0.610810259022071	1.0	0.49712552681828726	0.016585147862772875	0.001
embedding_weak	0.9	0.49712552681828726	1.0	0.5540609638468026	0.14467269003876482
proba	0.43559592735046815	0.016585147862772875	0.5540609638468026	1.0	0.9
embedding	0.09041700015785326	0.001	0.14467269003876482	0.9	1.0
