	embedding_weak_chi2	proba_weak	embedding_weak	proba	embedding
embedding_weak_chi2	1.0	0.9	0.9	0.05396254294088054	0.9
proba_weak	0.9	1.0	0.9	0.31720586807524165	0.9
embedding_weak	0.9	0.9	1.0	0.05396254294088054	0.9
proba	0.05396254294088054	0.31720586807524165	0.05396254294088054	1.0	0.05396254294088054
embedding	0.9	0.9	0.9	0.05396254294088054	1.0
