	embedding_weak_chi2	proba_weak	embedding_weak	proba	embedding
embedding_weak_chi2	1.0	0.49712552681828726	0.9	0.006071443763657536	0.04090200577890224
proba_weak	0.49712552681828726	1.0	0.610810259022071	0.37443682752940766	0.7243188684112062
embedding_weak	0.9	0.610810259022071	1.0	0.01199585455195129	0.07047640293821211
proba	0.006071443763657536	0.37443682752940766	0.01199585455195129	1.0	0.9
embedding	0.04090200577890224	0.7243188684112062	0.07047640293821211	0.9	1.0
