	embedding_weak_chi2	proba_weak	embedding_weak	proba	embedding
embedding_weak_chi2	1.0	0.8945782075082741	0.9	0.030625839356264506	0.05396254294088054
proba_weak	0.8945782075082741	1.0	0.8945782075082741	0.26591809226145546	0.37443682752940766
embedding_weak	0.9	0.8945782075082741	1.0	0.030625839356264506	0.05396254294088054
proba	0.030625839356264506	0.26591809226145546	0.030625839356264506	1.0	0.9
embedding	0.05396254294088054	0.37443682752940766	0.05396254294088054	0.9	1.0
