	embedding_weak_chi2	proba_weak	embedding_weak	proba	embedding
embedding_weak_chi2	1.0	0.49712552681828637	0.9	0.9	0.7243188684112065
proba_weak	0.49712552681828637	1.0	0.49712552681828637	0.8378224470053395	0.04090200577890224
embedding_weak	0.9	0.49712552681828637	1.0	0.9	0.7243188684112065
proba	0.9	0.8378224470053395	0.9	1.0	0.37443682752940766
embedding	0.7243188684112065	0.04090200577890224	0.7243188684112065	0.37443682752940766	1.0
