	embedding_weak_chi2	proba_weak	embedding_weak	proba	embedding
embedding_weak_chi2	1.0	0.26591809226145546	0.9	0.8378224470053398	0.49712552681828726
proba_weak	0.26591809226145546	1.0	0.6108102590220721	0.8378224470053401	0.002942051328913786
embedding_weak	0.9	0.6108102590220721	1.0	0.9	0.17946626445912217
proba	0.8378224470053398	0.8378224470053401	0.9	1.0	0.07047640293821211
embedding	0.49712552681828726	0.002942051328913786	0.17946626445912217	0.07047640293821211	1.0
