	embedding	embedding_weak	embedding_weak_chi2	proba	proba_weak
embedding	1.0	0.016000372450669986	0.06753740136952302	0.5626137373111904	0.001
embedding_weak	0.016000372450669986	1.0	0.9	0.4810728930024535	0.4374208033177782
embedding_weak_chi2	0.06753740136952302	0.9	1.0	0.7632651133889768	0.182487491932517
proba	0.5626137373111904	0.4810728930024535	0.7632651133889768	1.0	0.00792040172068087
proba_weak	0.001	0.4374208033177782	0.182487491932517	0.00792040172068087	1.0
