	embedding	embedding_weak	embedding_weak_chi2	proba	proba_weak
embedding	1.0	0.037721685187951715	0.04604605893493374	0.5626137373111904	0.001
embedding_weak	0.037721685187951715	1.0	0.9	0.6428764334256007	0.21089694325283503
embedding_weak_chi2	0.04604605893493374	0.9	1.0	0.6830061872556934	0.1824874919325179
proba	0.5626137373111904	0.6428764334256007	0.6830061872556934	1.0	0.004821649573862219
proba_weak	0.001	0.21089694325283503	0.1824874919325179	0.004821649573862219	1.0
