	embedding	embedding_weak	embedding_weak_chi2	proba	proba_weak
embedding	1.0	0.08101867743134283	0.019995262999779717	0.5626137373111904	0.001
embedding_weak	0.08101867743134283	1.0	0.9	0.803398569773214	0.114265269194602
embedding_weak_chi2	0.019995262999779717	0.9	1.0	0.5224864721802169	0.31232235524917584
proba	0.5626137373111904	0.803398569773214	0.5224864721802169	1.0	0.004821649573862219
proba_weak	0.001	0.114265269194602	0.31232235524917584	0.004821649573862219	1.0
