	embedding	embedding_weak	embedding_weak_chi2	proba	proba_weak
embedding	1.0	0.019995262999779717	0.03772168518795138	0.39389739712745675	0.001
embedding_weak	0.019995262999779717	1.0	0.9	0.6830061872556934	0.241842713529846
embedding_weak_chi2	0.03772168518795138	0.9	1.0	0.803398569773214	0.15717031795830805
proba	0.39389739712745675	0.6830061872556934	0.803398569773214	1.0	0.00792040172068087
proba_weak	0.001	0.241842713529846	0.15717031795830805	0.00792040172068087	1.0
