	embedding	embedding_weak	embedding_weak_chi2	proba	proba_weak
embedding	1.0	0.5224864721802169	0.9	0.08101867743133917	0.182487491932517
embedding_weak	0.5224864721802169	1.0	0.7632651133889768	0.8435263178819294	0.9
embedding_weak_chi2	0.9	0.7632651133889768	1.0	0.21089694325283503	0.39389739712745653
proba	0.08101867743133917	0.8435263178819294	0.21089694325283503	1.0	0.9
proba_weak	0.182487491932517	0.9	0.39389739712745653	0.9	1.0
