	embedding	embedding_weak	embedding_weak_chi2	proba	proba_weak
embedding	1.0	0.019995262999779717	0.08101867743134283	0.2418427135298451	0.001
embedding_weak	0.019995262999779717	1.0	0.9	0.8435263178819294	0.241842713529846
embedding_weak_chi2	0.08101867743134283	0.9	1.0	0.9	0.08101867743134306
proba	0.2418427135298451	0.8435263178819294	0.9	1.0	0.019995262999779717
proba_weak	0.001	0.241842713529846	0.08101867743134306	0.019995262999779717	1.0
