	embedding	embedding_weak	embedding_weak_chi2	proba	proba_weak
embedding	1.0	0.9	0.5224864721802169	0.31232235524917495	0.1824874919325179
embedding_weak	0.9	1.0	0.9	0.7231369454520105	0.5626137373111906
embedding_weak_chi2	0.5224864721802169	0.9	1.0	0.9	0.9
proba	0.31232235524917495	0.7231369454520105	0.9	1.0	0.9
proba_weak	0.1824874919325179	0.5626137373111906	0.9	0.9	1.0
