	embedding	embedding_weak	embedding_weak_chi2	proba	proba_weak
embedding	1.0	0.019995262999779717	0.21089694325283548	0.04604605893493374	0.001
embedding_weak	0.019995262999779717	1.0	0.883656972670395	0.9	0.39389739712745697
embedding_weak_chi2	0.21089694325283548	0.883656972670395	1.0	0.9	0.055906303448370886
proba	0.04604605893493374	0.9	0.9	1.0	0.241842713529846
proba_weak	0.001	0.39389739712745697	0.055906303448370886	0.241842713529846	1.0
