	embedding_weak_chi2	proba_weak	embedding_weak	proba	embedding
embedding_weak_chi2	1.0	0.9	0.9	0.49712552681828726	0.9
proba_weak	0.9	1.0	0.9	0.1154003029882752	0.9
embedding_weak	0.9	0.9	1.0	0.17946626445912217	0.9
proba	0.49712552681828726	0.1154003029882752	0.17946626445912217	1.0	0.37443682752940766
embedding	0.9	0.9	0.9	0.37443682752940766	1.0
