	embedding_weak_chi2	proba_weak	embedding_weak	proba	embedding
embedding_weak_chi2	1.0	0.022660626220582847	0.9	0.3744368275294072	0.6108102590220721
proba_weak	0.022660626220582847	1.0	0.01199585455195129	0.7243188684112065	0.4971255268182868
embedding_weak	0.9	0.01199585455195129	1.0	0.2659180922614556	0.49712552681828726
proba	0.3744368275294072	0.7243188684112065	0.2659180922614556	1.0	0.9
embedding	0.6108102590220721	0.4971255268182868	0.49712552681828726	0.9	1.0
