	embedding_weak_chi2	proba_weak	embedding_weak	proba	embedding
embedding_weak_chi2	1.0	0.610810259022071	0.9	0.43559592735046815	0.14467269003876482
proba_weak	0.610810259022071	1.0	0.37443682752940766	0.016585147862772875	0.00201532236655233
embedding_weak	0.9	0.37443682752940766	1.0	0.6675655319684723	0.3172058680752413
proba	0.43559592735046815	0.016585147862772875	0.6675655319684723	1.0	0.9
embedding	0.14467269003876482	0.00201532236655233	0.3172058680752413	0.9	1.0
