	embedding_weak_chi2	proba_weak	embedding_weak	proba	embedding
embedding_weak_chi2	1.0	0.17946626445912217	0.7243188684112065	0.9	0.9
proba_weak	0.17946626445912217	1.0	0.8378224470053395	0.49712552681828637	0.17946626445912217
embedding_weak	0.7243188684112065	0.8378224470053395	1.0	0.9	0.7243188684112065
proba	0.9	0.49712552681828637	0.9	1.0	0.9
embedding	0.9	0.17946626445912217	0.7243188684112065	0.9	1.0
