	embedding_weak_chi2	proba_weak	embedding_weak	proba	embedding
embedding_weak_chi2	1.0	0.9	0.9	0.1154003029882762	0.4971255268182868
proba_weak	0.9	1.0	0.9	0.04090200577890224	0.26591809226145546
embedding_weak	0.9	0.9	1.0	0.26591809226145546	0.7243188684112065
proba	0.1154003029882762	0.04090200577890224	0.26591809226145546	1.0	0.9
embedding	0.4971255268182868	0.26591809226145546	0.7243188684112065	0.9	1.0
