	embedding_weak_chi2	proba_weak	embedding_weak	proba	embedding
embedding_weak_chi2	1.0	0.9	0.9	0.07047640293821211	0.1154003029882752
proba_weak	0.9	1.0	0.7243188684112065	0.2659180922614556	0.37443682752940766
embedding_weak	0.9	0.7243188684112065	1.0	0.01199585455195129	0.022660626220582847
proba	0.07047640293821211	0.2659180922614556	0.01199585455195129	1.0	0.9
embedding	0.1154003029882752	0.37443682752940766	0.022660626220582847	0.9	1.0
