	embedding_weak_chi2	proba_weak	embedding_weak	proba	embedding
embedding_weak_chi2	1.0	0.9	0.9	0.09041700015785326	0.22000392308985206
proba_weak	0.9	1.0	0.9	0.05396254294088054	0.14467269003876482
embedding_weak	0.9	0.9	1.0	0.030625839356264506	0.09041700015785326
proba	0.09041700015785326	0.05396254294088054	0.030625839356264506	1.0	0.9
embedding	0.22000392308985206	0.14467269003876482	0.09041700015785326	0.9	1.0
