	embedding_weak_chi2	proba_weak	embedding_weak	proba	embedding
embedding_weak_chi2	1.0	0.7243188684112065	0.9	0.49712552681828726	0.07047640293821211
proba_weak	0.7243188684112065	1.0	0.7243188684112065	0.04090200577890224	0.0013623366408801463
embedding_weak	0.9	0.7243188684112065	1.0	0.49712552681828726	0.07047640293821211
proba	0.49712552681828726	0.04090200577890224	0.49712552681828726	1.0	0.8378224470053398
embedding	0.07047640293821211	0.0013623366408801463	0.07047640293821211	0.8378224470053398	1.0
