	embedding	embedding_weak	embedding_weak_chi2	proba	proba_weak
embedding	1.0	0.01653739826324996	0.002970836713688585	0.4130545658550693	0.001
embedding_weak	0.01653739826324996	1.0	0.9	0.6310240265813225	0.02010088917281916
embedding_weak_chi2	0.002970836713688585	0.9	1.0	0.3390311754908504	0.08160772953265927
proba	0.4130545658550693	0.6310240265813225	0.3390311754908504	1.0	0.001
proba_weak	0.001	0.02010088917281916	0.08160772953265927	0.001	1.0
