	embedding	embedding_weak	embedding_weak_chi2	proba	proba_weak
embedding	1.0	0.011047012649714305	0.011047012649714305	0.0696132292463385	0.001
embedding_weak	0.011047012649714305	1.0	0.9	0.9	0.029306207949794993
embedding_weak_chi2	0.011047012649714305	0.9	1.0	0.9	0.029306207949794993
proba	0.0696132292463385	0.9	0.9	1.0	0.003737170144454627
proba_weak	0.001	0.029306207949794993	0.029306207949794993	0.003737170144454627	1.0
