	embedding	embedding_weak	embedding_weak_chi2	proba	proba_weak
embedding	1.0	0.8070088666473484	0.4130545658550696	0.19079307571764126	0.01653739826324996
embedding_weak	0.8070088666473484	1.0	0.9	0.7718138572811053	0.2437094886466038
embedding_weak_chi2	0.4130545658550696	0.9	1.0	0.9	0.6310240265813227
proba	0.19079307571764126	0.7718138572811053	0.9	1.0	0.8774034046631072
proba_weak	0.01653739826324996	0.2437094886466038	0.6310240265813227	0.8774034046631072	1.0
