	embedding	embedding_weak	embedding_weak_chi2	proba	proba_weak
embedding	1.0	0.5958291341628892	0.6662231181554086	0.011047012649714305	0.001
embedding_weak	0.5958291341628892	1.0	0.9	0.3753314039003587	0.035161976582058996
embedding_weak_chi2	0.6662231181554086	0.9	1.0	0.30528468430211464	0.024319178772926553
proba	0.011047012649714305	0.3753314039003587	0.30528468430211464	1.0	0.8070088666473478
proba_weak	0.001	0.035161976582058996	0.024319178772926553	0.8070088666473478	1.0
