	embedding	embedding_weak	embedding_weak_chi2	proba	proba_weak
embedding	1.0	0.024319178772926664	0.02010088917281916	0.02010088917281916	0.001
embedding_weak	0.024319178772926664	1.0	0.9	0.9	0.013547616102204452
embedding_weak_chi2	0.02010088917281916	0.9	1.0	0.9	0.01653739826324996
proba	0.02010088917281916	0.9	0.9	1.0	0.01653739826324996
proba_weak	0.001	0.013547616102204452	0.01653739826324996	0.01653739826324996	1.0
