	embedding_weak_chi2	proba_weak	embedding_weak	proba	embedding
embedding_weak_chi2	1.0	0.37443682752940766	0.9	0.1154003029882752	0.610810259022071
proba_weak	0.37443682752940766	1.0	0.49712552681828726	0.9	0.011995854551952512
embedding_weak	0.9	0.49712552681828726	1.0	0.1794662644591224	0.49712552681828726
proba	0.1154003029882752	0.9	0.1794662644591224	1.0	0.0013623366408801463
embedding	0.610810259022071	0.011995854551952512	0.49712552681828726	0.0013623366408801463	1.0
