	embedding_weak_chi2	proba_weak	embedding_weak	proba	embedding
embedding_weak_chi2	1.0	0.9	0.9	0.9	0.2659180922614556
proba_weak	0.9	1.0	0.9	0.9	0.11540030298827397
embedding_weak	0.9	0.9	1.0	0.9	0.11540030298827397
proba	0.9	0.9	0.9	1.0	0.17946626445912217
embedding	0.2659180922614556	0.11540030298827397	0.11540030298827397	0.17946626445912217	1.0
