	embedding_weak_chi2	proba_weak	embedding_weak	proba	embedding
embedding_weak_chi2	1.0	0.9	0.9	0.07047640293821211	0.01199585455195129
proba_weak	0.9	1.0	0.9	0.37443682752940766	0.1154003029882752
embedding_weak	0.9	0.9	1.0	0.17946626445912217	0.04090200577890224
proba	0.07047640293821211	0.37443682752940766	0.17946626445912217	1.0	0.9
embedding	0.01199585455195129	0.1154003029882752	0.04090200577890224	0.9	1.0
