	embedding_weak_chi2	proba_weak	embedding_weak	proba	embedding
embedding_weak_chi2	1.0	0.1154003029882752	0.9	0.610810259022071	0.49712552681828726
proba_weak	0.1154003029882752	1.0	0.07047640293821211	0.8378224470053398	0.001
embedding_weak	0.9	0.07047640293821211	1.0	0.49712552681828726	0.610810259022071
proba	0.610810259022071	0.8378224470053398	0.49712552681828726	1.0	0.022660626220582847
embedding	0.49712552681828726	0.001	0.610810259022071	0.022660626220582847	1.0
