	embedding_weak_chi2	proba_weak	embedding_weak	proba	embedding
embedding_weak_chi2	1.0	0.1794662644591224	0.9	0.1154003029882752	0.9
proba_weak	0.1794662644591224	1.0	0.022660626220582847	0.9	0.2659180922614556
embedding_weak	0.9	0.022660626220582847	1.0	0.01199585455195129	0.8378224470053401
proba	0.1154003029882752	0.9	0.01199585455195129	1.0	0.17946626445912217
embedding	0.9	0.2659180922614556	0.8378224470053401	0.17946626445912217	1.0
