	embedding_weak_chi2	proba_weak	embedding_weak	proba	embedding
embedding_weak_chi2	1.0	0.8378224470053398	0.9	0.11540030298827397	0.022660626220582847
proba_weak	0.8378224470053398	1.0	0.6108102590220721	0.6108102590220721	0.2659180922614556
embedding_weak	0.9	0.6108102590220721	1.0	0.04090200577890224	0.006071443763657536
proba	0.11540030298827397	0.6108102590220721	0.04090200577890224	1.0	0.9
embedding	0.022660626220582847	0.2659180922614556	0.006071443763657536	0.9	1.0
