	embedding_weak_chi2	proba_weak	embedding_weak	proba	embedding
embedding_weak_chi2	1.0	0.8378224470053398	0.9	0.6675655319684728	0.9
proba_weak	0.8378224470053398	1.0	0.7243188684112062	0.9	0.49712552681828726
embedding_weak	0.9	0.7243188684112062	1.0	0.5540609638468026	0.9
proba	0.6675655319684728	0.9	0.5540609638468026	1.0	0.31720586807524165
embedding	0.9	0.49712552681828726	0.9	0.31720586807524165	1.0
