	embedding_weak_chi2	proba_weak	embedding_weak	proba	embedding
embedding_weak_chi2	1.0	0.610810259022071	0.9	0.1154003029882762	0.9
proba_weak	0.610810259022071	1.0	0.49712552681828726	0.8378224470053401	0.8378224470053398
embedding_weak	0.9	0.49712552681828726	1.0	0.07047640293824908	0.9
proba	0.1154003029882762	0.8378224470053401	0.07047640293824908	1.0	0.26591809226145546
embedding	0.9	0.8378224470053398	0.9	0.26591809226145546	1.0
