	embedding_weak_chi2	proba_weak	embedding_weak	proba	embedding
embedding_weak_chi2	1.0	0.610810259022071	0.9	0.1154003029882752	0.7243188684112062
proba_weak	0.610810259022071	1.0	0.2659180922614556	0.8378224470053398	0.07047640293821211
embedding_weak	0.9	0.2659180922614556	1.0	0.022660626220582847	0.9
proba	0.1154003029882752	0.8378224470053398	0.022660626220582847	1.0	0.002942051328913786
embedding	0.7243188684112062	0.07047640293821211	0.9	0.002942051328913786	1.0
