	embedding_weak_chi2	proba_weak	embedding_weak	proba	embedding
embedding_weak_chi2	1.0	0.37443682752940766	0.9	0.9	0.2659180922614556
proba_weak	0.37443682752940766	1.0	0.17946626445912217	0.17946626445912217	0.0013623366408801463
embedding_weak	0.9	0.17946626445912217	1.0	0.9	0.4971255268182875
proba	0.9	0.17946626445912217	0.9	1.0	0.4971255268182875
embedding	0.2659180922614556	0.0013623366408801463	0.4971255268182875	0.4971255268182875	1.0
