	embedding_weak_chi2	proba_weak	embedding_weak	proba	embedding
embedding_weak_chi2	1.0	0.610810259022071	0.9	0.7243188684112065	0.1154003029882752
proba_weak	0.610810259022071	1.0	0.7243188684112065	0.07047640293824908	0.0013623366408801463
embedding_weak	0.9	0.7243188684112065	1.0	0.610810259022071	0.07047640293821211
proba	0.7243188684112065	0.07047640293824908	0.610810259022071	1.0	0.7243188684112062
embedding	0.1154003029882752	0.0013623366408801463	0.07047640293821211	0.7243188684112062	1.0
