	embedding_weak_chi2	proba_weak	embedding_weak	proba	embedding
embedding_weak_chi2	1.0	0.49712552681828726	0.9	0.43559592735046826	0.31720586807524165
proba_weak	0.49712552681828726	1.0	0.49712552681828726	0.00858080288642471	0.004247966708778805
embedding_weak	0.9	0.49712552681828726	1.0	0.43559592735046826	0.31720586807524165
proba	0.43559592735046826	0.00858080288642471	0.43559592735046826	1.0	0.9
embedding	0.31720586807524165	0.004247966708778805	0.31720586807524165	0.9	1.0
