	embedding	embedding_weak	embedding_weak_chi2	proba	proba_weak
embedding	1.0	0.024840792547944024	0.06753740136952302	0.5626137373111904	0.001
embedding_weak	0.024840792547944024	1.0	0.9	0.5626137373111906	0.2758620071098189
embedding_weak_chi2	0.06753740136952302	0.9	1.0	0.7632651133889768	0.13408688792386025
proba	0.5626137373111904	0.5626137373111906	0.7632651133889768	1.0	0.004821649573862219
proba_weak	0.001	0.2758620071098189	0.13408688792386025	0.004821649573862219	1.0
