	embedding	embedding_weak	embedding_weak_chi2	proba	proba_weak
embedding	1.0	0.012727621497327424	0.04604605893493374	0.39389739712745675	0.001
embedding_weak	0.012727621497327424	1.0	0.9	0.6027455724705951	0.35172721439937127
embedding_weak_chi2	0.04604605893493374	0.9	1.0	0.8435263178819296	0.15717031795830805
proba	0.39389739712745675	0.6027455724705951	0.8435263178819296	1.0	0.010068171795290959
proba_weak	0.001	0.35172721439937127	0.15717031795830805	0.010068171795290959	1.0
