	embedding	embedding_weak	embedding_weak_chi2	proba	proba_weak
embedding	1.0	0.016000372450669986	0.04604605893493374	0.39389739712745675	0.001
embedding_weak	0.016000372450669986	1.0	0.9	0.6428764334256007	0.2758620071098189
embedding_weak_chi2	0.04604605893493374	0.9	1.0	0.8435263178819296	0.13408688792386025
proba	0.39389739712745675	0.6428764334256007	0.8435263178819296	1.0	0.00792040172068087
proba_weak	0.001	0.2758620071098189	0.13408688792386025	0.00792040172068087	1.0
