	embedding	embedding_weak	embedding_weak_chi2	proba	proba_weak
embedding	1.0	0.03070016076946469	0.08101867743134283	0.182487491932517	0.001
embedding_weak	0.03070016076946469	1.0	0.9	0.9	0.5626137373111901
embedding_weak_chi2	0.08101867743134283	0.9	1.0	0.9	0.35172721439937105
proba	0.182487491932517	0.9	0.9	1.0	0.182487491932517
proba_weak	0.001	0.5626137373111901	0.35172721439937105	0.182487491932517	1.0
