	embedding_weak_chi2	proba_weak	embedding_weak	proba	embedding
embedding_weak_chi2	1.0	0.1154003029882752	0.9	0.9	0.7243188684112062
proba_weak	0.1154003029882752	1.0	0.37443682752940766	0.17946626445912217	0.002942051328913786
embedding_weak	0.9	0.37443682752940766	1.0	0.9	0.37443682752940766
proba	0.9	0.17946626445912217	0.9	1.0	0.610810259022071
embedding	0.7243188684112062	0.002942051328913786	0.37443682752940766	0.610810259022071	1.0
