	embedding_weak_chi2	proba_weak	embedding_weak	proba	embedding
embedding_weak_chi2	1.0	0.5540609638468026	0.9	0.781071258130788	0.31720586807524165
proba_weak	0.5540609638468026	1.0	0.5540609638468026	0.07047640293824908	0.006071443763657536
embedding_weak	0.9	0.5540609638468026	1.0	0.781071258130788	0.31720586807524165
proba	0.781071258130788	0.07047640293824908	0.781071258130788	1.0	0.9
embedding	0.31720586807524165	0.006071443763657536	0.31720586807524165	0.9	1.0
