	embedding_weak_chi2	proba_weak	embedding_weak	proba	embedding
embedding_weak_chi2	1.0	0.22000392308985195	0.9	0.9	0.5540609638468026
proba_weak	0.22000392308985195	1.0	0.43559592735046815	0.07047640293821211	0.002942051328913786
embedding_weak	0.9	0.43559592735046815	1.0	0.8945782075082741	0.31720586807524165
proba	0.9	0.07047640293821211	0.8945782075082741	1.0	0.8378224470053398
embedding	0.5540609638468026	0.002942051328913786	0.31720586807524165	0.8378224470053398	1.0
