	embedding_weak_chi2	proba_weak	embedding_weak	proba	embedding
embedding_weak_chi2	1.0	0.6675655319684728	0.9	0.9	0.9
proba_weak	0.6675655319684728	1.0	0.9	0.43559592735046815	0.6675655319684728
embedding_weak	0.9	0.9	1.0	0.8378224470053398	0.9
proba	0.9	0.43559592735046815	0.8378224470053398	1.0	0.9
embedding	0.9	0.6675655319684728	0.9	0.9	1.0
