	embedding_weak_chi2	proba_weak	embedding_weak	proba	embedding
embedding_weak_chi2	1.0	0.9	0.9	0.9	0.22000392308985195
proba_weak	0.9	1.0	0.9	0.9	0.17946626445912217
embedding_weak	0.9	0.9	1.0	0.9	0.5540609638468026
proba	0.9	0.9	0.9	1.0	0.17946626445912217
embedding	0.22000392308985195	0.17946626445912217	0.5540609638468026	0.17946626445912217	1.0
