	embedding_weak_chi2	proba_weak	embedding_weak	proba	embedding
embedding_weak_chi2	1.0	0.37443682752940766	0.9	0.7243188684112062	0.37443682752940766
proba_weak	0.37443682752940766	1.0	0.26591809226145546	0.9	0.002942051328913786
embedding_weak	0.9	0.26591809226145546	1.0	0.610810259022071	0.49712552681828726
proba	0.7243188684112062	0.9	0.610810259022071	1.0	0.022660626220582847
embedding	0.37443682752940766	0.002942051328913786	0.49712552681828726	0.022660626220582847	1.0
