	embedding_weak_chi2	proba_weak	embedding_weak	proba	embedding
embedding_weak_chi2	1.0	0.2659180922614556	0.9	0.9	0.2659180922614556
proba_weak	0.2659180922614556	1.0	0.7243188684112062	0.04090200577890224	0.001
embedding_weak	0.9	0.7243188684112062	1.0	0.4971255268182868	0.04090200577890224
proba	0.9	0.04090200577890224	0.4971255268182868	1.0	0.7243188684112062
embedding	0.2659180922614556	0.001	0.04090200577890224	0.7243188684112062	1.0
