	embedding_weak_chi2	proba_weak	embedding_weak	proba	embedding
embedding_weak_chi2	1.0	0.4355959273504688	0.9	0.8945782075082741	0.43559592735046815
proba_weak	0.4355959273504688	1.0	0.6675655319684728	0.07047640293824908	0.006071443763657536
embedding_weak	0.9	0.6675655319684728	1.0	0.6675655319684728	0.22000392308985195
proba	0.8945782075082741	0.07047640293824908	0.6675655319684728	1.0	0.9
embedding	0.43559592735046815	0.006071443763657536	0.22000392308985195	0.9	1.0
