	embedding_weak_chi2	proba_weak	embedding_weak	proba	embedding
embedding_weak_chi2	1.0	0.9	0.8378224470053398	0.4355959273504688	0.09041700015785326
proba_weak	0.9	1.0	0.4355959273504688	0.1154003029882762	0.01199585455195129
embedding_weak	0.8378224470053398	0.4355959273504688	1.0	0.9	0.5540609638468026
proba	0.4355959273504688	0.1154003029882762	0.9	1.0	0.9
embedding	0.09041700015785326	0.01199585455195129	0.5540609638468026	0.9	1.0
