	embedding_weak_chi2	proba_weak	embedding_weak	proba	embedding
embedding_weak_chi2	1.0	0.9	0.9	0.31720586807524187	0.05396254294093483
proba_weak	0.9	1.0	0.9	0.37443682752940766	0.07047640293821211
embedding_weak	0.9	0.9	1.0	0.781071258130788	0.31720586807524165
proba	0.31720586807524187	0.37443682752940766	0.781071258130788	1.0	0.9
embedding	0.05396254294093483	0.07047640293821211	0.31720586807524165	0.9	1.0
