	embedding_weak_chi2	proba_weak	embedding_weak	proba	embedding
embedding_weak_chi2	1.0	0.14467269003876482	0.9	0.9	0.6675655319684723
proba_weak	0.14467269003876482	1.0	0.31720586807524165	0.17946626445912217	0.002942051328913786
embedding_weak	0.9	0.31720586807524165	1.0	0.9	0.43559592735046815
proba	0.9	0.17946626445912217	0.9	1.0	0.610810259022071
embedding	0.6675655319684723	0.002942051328913786	0.43559592735046815	0.610810259022071	1.0
