	embedding_weak_chi2	proba_weak	embedding_weak	proba	embedding
embedding_weak_chi2	1.0	0.7810712581307873	0.9	0.781071258130788	0.31720586807524165
proba_weak	0.7810712581307873	1.0	0.9	0.17946626445912217	0.022660626220582847
embedding_weak	0.9	0.9	1.0	0.5540609638468026	0.14467269003876626
proba	0.781071258130788	0.17946626445912217	0.5540609638468026	1.0	0.9
embedding	0.31720586807524165	0.022660626220582847	0.14467269003876626	0.9	1.0
