	embedding_weak_chi2	proba_weak	embedding_weak	proba	embedding
embedding_weak_chi2	1.0	0.4355959273504688	0.9	0.9	0.43559592735046815
proba_weak	0.4355959273504688	1.0	0.5540609638468026	0.1154003029882752	0.006071443763657536
embedding_weak	0.9	0.5540609638468026	1.0	0.8945782075082741	0.31720586807524165
proba	0.9	0.1154003029882752	0.8945782075082741	1.0	0.8378224470053398
embedding	0.43559592735046815	0.006071443763657536	0.31720586807524165	0.8378224470053398	1.0
