	embedding_weak_chi2	proba_weak	embedding_weak	proba	embedding
embedding_weak_chi2	1.0	0.6675655319684728	0.9	0.781071258130788	0.31720586807524165
proba_weak	0.6675655319684728	1.0	0.781071258130788	0.1154003029882762	0.01199585455195129
embedding_weak	0.9	0.781071258130788	1.0	0.6675655319684728	0.22000392308985195
proba	0.781071258130788	0.1154003029882762	0.6675655319684728	1.0	0.9
embedding	0.31720586807524165	0.01199585455195129	0.22000392308985195	0.9	1.0
