	embedding_weak_chi2	proba_weak	embedding_weak	proba	embedding
embedding_weak_chi2	1.0	0.9	0.9	0.2659180922614556	0.2659180922614556
proba_weak	0.9	1.0	0.7243188684112062	0.610810259022071	0.07047640293821211
embedding_weak	0.9	0.7243188684112062	1.0	0.07047640293821211	0.610810259022071
proba	0.2659180922614556	0.610810259022071	0.07047640293821211	1.0	0.001
embedding	0.2659180922614556	0.07047640293821211	0.610810259022071	0.001	1.0
