	embedding_weak_chi2	proba_weak	embedding_weak	proba	embedding
embedding_weak_chi2	1.0	0.37443682752940766	0.9	0.6675655319684728	0.6675655319684728
proba_weak	0.37443682752940766	1.0	0.17946626445912217	0.9	0.9
embedding_weak	0.9	0.17946626445912217	1.0	0.43559592735046826	0.43559592735046826
proba	0.6675655319684728	0.9	0.43559592735046826	1.0	0.9
embedding	0.6675655319684728	0.9	0.43559592735046826	0.9	1.0
