	embedding_weak_chi2	proba_weak	embedding_weak	proba	embedding
embedding_weak_chi2	1.0	0.6108102590220721	0.9	0.07047640293822444	0.011995854551952512
proba_weak	0.6108102590220721	1.0	0.4971255268182868	0.7243188684112063	0.3744368275294072
embedding_weak	0.9	0.4971255268182868	1.0	0.04090200577890224	0.006071443763657536
proba	0.07047640293822444	0.7243188684112063	0.04090200577890224	1.0	0.9
embedding	0.011995854551952512	0.3744368275294072	0.006071443763657536	0.9	1.0
