	embedding_weak_chi2	proba_weak	embedding_weak	proba	embedding
embedding_weak_chi2	1.0	0.7243188684112062	0.9	0.11540030298827397	0.022660626220582847
proba_weak	0.7243188684112062	1.0	0.37443682752940766	0.7243188684112063	0.3744368275294072
embedding_weak	0.9	0.37443682752940766	1.0	0.022660626220582847	0.002942051328913786
proba	0.11540030298827397	0.7243188684112063	0.022660626220582847	1.0	0.9
embedding	0.022660626220582847	0.3744368275294072	0.002942051328913786	0.9	1.0
