	embedding_weak_chi2	proba_weak	embedding_weak	proba	embedding
embedding_weak_chi2	1.0	0.6108102590220721	0.9	0.7810712581307878	0.3172058680752413
proba_weak	0.6108102590220721	1.0	0.9	0.09041700015785548	0.00858080288642471
embedding_weak	0.9	0.9	1.0	0.4355959273504688	0.09041700015785326
proba	0.7810712581307878	0.09041700015785548	0.4355959273504688	1.0	0.9
embedding	0.3172058680752413	0.00858080288642471	0.09041700015785326	0.9	1.0
