	embedding_weak_chi2	proba_weak	embedding_weak	proba	embedding
embedding_weak_chi2	1.0	0.610810259022071	0.9	0.6675655319684723	0.14467269003876482
proba_weak	0.610810259022071	1.0	0.17946626445912217	0.05396254294088054	0.00201532236655233
embedding_weak	0.9	0.17946626445912217	1.0	0.9	0.5540609638468028
proba	0.6675655319684723	0.05396254294088054	0.9	1.0	0.8378224470053398
embedding	0.14467269003876482	0.00201532236655233	0.5540609638468028	0.8378224470053398	1.0
