	embedding_weak_chi2	proba_weak	embedding_weak	proba	embedding
embedding_weak_chi2	1.0	0.610810259022071	0.9	0.5540609638468026	0.22000392308985206
proba_weak	0.610810259022071	1.0	0.7243188684112065	0.030625839356264506	0.004247966708778805
embedding_weak	0.9	0.7243188684112065	1.0	0.43559592735046815	0.14467269003876482
proba	0.5540609638468026	0.030625839356264506	0.43559592735046815	1.0	0.9
embedding	0.22000392308985206	0.004247966708778805	0.14467269003876482	0.9	1.0
