	embedding_weak_chi2	proba_weak	embedding_weak	proba	embedding
embedding_weak_chi2	1.0	0.9	0.9	0.006071443763657536	0.1154003029882752
proba_weak	0.9	1.0	0.9	0.07047640293821211	0.49712552681828726
embedding_weak	0.9	0.9	1.0	0.022660626220582847	0.2659180922614556
proba	0.006071443763657536	0.07047640293821211	0.022660626220582847	1.0	0.8378224470053398
embedding	0.1154003029882752	0.49712552681828726	0.2659180922614556	0.8378224470053398	1.0
