	embedding_weak_chi2	proba_weak	embedding_weak	proba	embedding
embedding_weak_chi2	1.0	0.6108102590220721	0.9	0.9	0.17946626445912217
proba_weak	0.6108102590220721	1.0	0.9	0.1794662644591224	0.002942051328913786
embedding_weak	0.9	0.9	1.0	0.610810259022071	0.04090200577890224
proba	0.9	0.1794662644591224	0.610810259022071	1.0	0.610810259022071
embedding	0.17946626445912217	0.002942051328913786	0.04090200577890224	0.610810259022071	1.0
