	embedding_weak_chi2	proba_weak	embedding_weak	proba	embedding
embedding_weak_chi2	1.0	0.6108102590220721	0.9	0.7243188684112062	0.37443682752940766
proba_weak	0.6108102590220721	1.0	0.7243188684112062	0.9	0.011995854551952512
embedding_weak	0.9	0.7243188684112062	1.0	0.8378224470053398	0.2659180922614556
proba	0.7243188684112062	0.9	0.8378224470053398	1.0	0.022660626220582847
embedding	0.37443682752940766	0.011995854551952512	0.2659180922614556	0.022660626220582847	1.0
