	embedding_weak_chi2	proba_weak	embedding_weak	proba	embedding
embedding_weak_chi2	1.0	0.4971255268182868	0.9	0.9	0.2659180922614556
proba_weak	0.4971255268182868	1.0	0.7243188684112065	0.4971255268182868	0.002942051328913786
embedding_weak	0.9	0.7243188684112065	1.0	0.9	0.1154003029882752
proba	0.9	0.4971255268182868	0.9	1.0	0.2659180922614556
embedding	0.2659180922614556	0.002942051328913786	0.1154003029882752	0.2659180922614556	1.0
