	embedding_weak_chi2	proba_weak	embedding_weak	proba	embedding
embedding_weak_chi2	1.0	0.37443682752940766	0.7243188684112062	0.610810259022071	0.610810259022071
proba_weak	0.37443682752940766	1.0	0.9	0.9	0.011995854551952512
embedding_weak	0.7243188684112062	0.9	1.0	0.9	0.07047640293821211
proba	0.610810259022071	0.9	0.9	1.0	0.04090200577890224
embedding	0.610810259022071	0.011995854551952512	0.07047640293821211	0.04090200577890224	1.0
