	embedding_weak_chi2	proba_weak	embedding_weak	proba	embedding
embedding_weak_chi2	1.0	0.7243188684112063	0.9	0.17946626445912217	0.011995854551952512
proba_weak	0.7243188684112063	1.0	0.3744368275294072	0.8378224470053398	0.2659180922614556
embedding_weak	0.9	0.3744368275294072	1.0	0.04090200577890224	0.0013623366408801463
proba	0.17946626445912217	0.8378224470053398	0.04090200577890224	1.0	0.8378224470053398
embedding	0.011995854551952512	0.2659180922614556	0.0013623366408801463	0.8378224470053398	1.0
