	embedding_weak_chi2	proba_weak	embedding_weak	proba	embedding
embedding_weak_chi2	1.0	0.49712552681828726	0.9	0.7243188684112065	0.1154003029882752
proba_weak	0.49712552681828726	1.0	0.49712552681828726	0.04090200577890224	0.001
embedding_weak	0.9	0.49712552681828726	1.0	0.7243188684112065	0.1154003029882752
proba	0.7243188684112065	0.04090200577890224	0.7243188684112065	1.0	0.7243188684112062
embedding	0.1154003029882752	0.001	0.1154003029882752	0.7243188684112062	1.0
