	embedding_weak_chi2	proba_weak	embedding_weak	proba	embedding
embedding_weak_chi2	1.0	0.9	0.9	0.17946626445912217	0.011995854551952512
proba_weak	0.9	1.0	0.9	0.2659180922614556	0.022660626220582847
embedding_weak	0.9	0.9	1.0	0.37443682752940766	0.04090200577890224
proba	0.17946626445912217	0.2659180922614556	0.37443682752940766	1.0	0.8378224470053398
embedding	0.011995854551952512	0.022660626220582847	0.04090200577890224	0.8378224470053398	1.0
