	embedding_weak_chi2	proba_weak	embedding_weak	proba	embedding
embedding_weak_chi2	1.0	0.7243188684112062	0.4971255268182875	0.6108102590220721	0.9
proba_weak	0.7243188684112062	1.0	0.04090200577890224	0.9	0.7243188684112062
embedding_weak	0.4971255268182875	0.04090200577890224	1.0	0.022660626220582847	0.4971255268182875
proba	0.6108102590220721	0.9	0.022660626220582847	1.0	0.6108102590220721
embedding	0.9	0.7243188684112062	0.4971255268182875	0.6108102590220721	1.0
