	embedding_weak_chi2	proba_weak	embedding_weak	proba	embedding
embedding_weak_chi2	1.0	0.9	0.9	0.9	0.8378224470053398
proba_weak	0.9	1.0	0.9	0.9	0.7243188684112062
embedding_weak	0.9	0.9	1.0	0.9	0.37443682752940766
proba	0.9	0.9	0.9	1.0	0.8378224470053398
embedding	0.8378224470053398	0.7243188684112062	0.37443682752940766	0.8378224470053398	1.0
