	embedding_weak_chi2	proba_weak	embedding_weak	proba	embedding
embedding_weak_chi2	1.0	0.9	0.7243188684112062	0.11540030298827397	0.006071443763657536
proba_weak	0.9	1.0	0.7243188684112062	0.11540030298827397	0.006071443763657536
embedding_weak	0.7243188684112062	0.7243188684112062	1.0	0.7243188684112062	0.17946626445912217
proba	0.11540030298827397	0.11540030298827397	0.7243188684112062	1.0	0.8378224470053398
embedding	0.006071443763657536	0.006071443763657536	0.17946626445912217	0.8378224470053398	1.0
