	embedding_weak_chi2	proba_weak	embedding_weak	proba	embedding
embedding_weak_chi2	1.0	0.9	0.9	0.04090200577890224	0.07047640293821211
proba_weak	0.9	1.0	0.9	0.17946626445912217	0.2659180922614556
embedding_weak	0.9	0.9	1.0	0.04090200577890224	0.07047640293821211
proba	0.04090200577890224	0.17946626445912217	0.04090200577890224	1.0	0.9
embedding	0.07047640293821211	0.2659180922614556	0.07047640293821211	0.9	1.0
