	embedding_weak_chi2	proba_weak	embedding_weak	proba	embedding
embedding_weak_chi2	1.0	0.6675655319684728	0.9	0.04090200577890224	0.006071443763657536
proba_weak	0.6675655319684728	1.0	0.9	0.5540609638468028	0.22000392308985206
embedding_weak	0.9	0.9	1.0	0.14467269003876482	0.030625839356264506
proba	0.04090200577890224	0.5540609638468028	0.14467269003876482	1.0	0.9
embedding	0.006071443763657536	0.22000392308985206	0.030625839356264506	0.9	1.0
