	embedding_weak_chi2	proba_weak	embedding_weak	proba	embedding
embedding_weak_chi2	1.0	0.7243188684112062	0.9	0.26591809226145546	0.07047640293824908
proba_weak	0.7243188684112062	1.0	0.37443682752940766	0.011995854551952512	0.0013623366408801463
embedding_weak	0.9	0.37443682752940766	1.0	0.6108102590220721	0.2659180922614556
proba	0.26591809226145546	0.011995854551952512	0.6108102590220721	1.0	0.9
embedding	0.07047640293824908	0.0013623366408801463	0.2659180922614556	0.9	1.0
