	embedding_weak_chi2	proba_weak	embedding_weak	proba	embedding
embedding_weak_chi2	1.0	0.9	0.8378224470053395	0.11540030298827397	0.006071443763657536
proba_weak	0.9	1.0	0.9	0.17946626445912217	0.011995854551952512
embedding_weak	0.8378224470053395	0.9	1.0	0.610810259022071	0.1154003029882752
proba	0.11540030298827397	0.17946626445912217	0.610810259022071	1.0	0.8378224470053398
embedding	0.006071443763657536	0.011995854551952512	0.1154003029882752	0.8378224470053398	1.0
