	embedding_weak_chi2	proba_weak	embedding_weak	proba	embedding
embedding_weak_chi2	1.0	0.4971255268182875	0.9	0.43559592735046815	0.43559592735046815
proba_weak	0.4971255268182875	1.0	0.9	0.00858080288642471	0.00858080288642471
embedding_weak	0.9	0.9	1.0	0.09041700015785326	0.09041700015785326
proba	0.43559592735046815	0.00858080288642471	0.09041700015785326	1.0	0.9
embedding	0.43559592735046815	0.00858080288642471	0.09041700015785326	0.9	1.0
