	embedding_weak_chi2	proba_weak	embedding_weak	proba	embedding
embedding_weak_chi2	1.0	0.9	0.9	0.4971255268182868	0.04090200577890224
proba_weak	0.9	1.0	0.7243188684112065	0.1154003029882762	0.002942051328913786
embedding_weak	0.9	0.7243188684112065	1.0	0.7243188684112065	0.1154003029882752
proba	0.4971255268182868	0.1154003029882762	0.7243188684112065	1.0	0.7243188684112062
embedding	0.04090200577890224	0.002942051328913786	0.1154003029882752	0.7243188684112062	1.0
