	embedding_weak_chi2	proba_weak	embedding_weak	proba	embedding
embedding_weak_chi2	1.0	0.8378224470053395	0.9	0.9	0.1154003029882752
proba_weak	0.8378224470053395	1.0	0.7243188684112062	0.6108102590220721	0.006071443763657536
embedding_weak	0.9	0.7243188684112062	1.0	0.9	0.17946626445912217
proba	0.9	0.6108102590220721	0.9	1.0	0.2659180922614556
embedding	0.1154003029882752	0.006071443763657536	0.17946626445912217	0.2659180922614556	1.0
