	embedding_weak_chi2	proba_weak	embedding_weak	proba	embedding
embedding_weak_chi2	1.0	0.8378224470053401	0.9	0.9	0.07047640293821211
proba_weak	0.8378224470053401	1.0	0.4971255268182868	0.37443682752940766	0.002942051328913786
embedding_weak	0.9	0.4971255268182868	1.0	0.9	0.2659180922614556
proba	0.9	0.37443682752940766	0.9	1.0	0.37443682752940766
embedding	0.07047640293821211	0.002942051328913786	0.2659180922614556	0.37443682752940766	1.0
