	embedding_weak_chi2	proba_weak	embedding_weak	proba	embedding
embedding_weak_chi2	1.0	0.6108102590220721	0.9	0.8378224470053398	0.37443682752940766
proba_weak	0.6108102590220721	1.0	0.8378224470053398	0.9	0.011995854551952512
embedding_weak	0.9	0.8378224470053398	1.0	0.9	0.17946626445912217
proba	0.8378224470053398	0.9	0.9	1.0	0.04090200577890224
embedding	0.37443682752940766	0.011995854551952512	0.17946626445912217	0.04090200577890224	1.0
