	embedding_weak_chi2	proba_weak	embedding_weak	proba	embedding
embedding_weak_chi2	1.0	0.9	0.9	0.11540030298827397	0.022660626220582847
proba_weak	0.9	1.0	0.9	0.3744368275294072	0.11540030298827397
embedding_weak	0.9	0.9	1.0	0.11540030298827397	0.022660626220582847
proba	0.11540030298827397	0.3744368275294072	0.11540030298827397	1.0	0.9
embedding	0.022660626220582847	0.11540030298827397	0.022660626220582847	0.9	1.0
