	embedding_weak_chi2	proba_weak	embedding_weak	proba	embedding
embedding_weak_chi2	1.0	0.7243188684112065	0.9	0.07047640293824908	0.002942051328913786
proba_weak	0.7243188684112065	1.0	0.9	0.610810259022071	0.1154003029882752
embedding_weak	0.9	0.9	1.0	0.2659180922614556	0.022660626220582847
proba	0.07047640293824908	0.610810259022071	0.2659180922614556	1.0	0.8378224470053398
embedding	0.002942051328913786	0.1154003029882752	0.022660626220582847	0.8378224470053398	1.0
