	embedding_weak_chi2	proba_weak	embedding_weak	proba	embedding
embedding_weak_chi2	1.0	0.030625839356264506	0.9	0.14467269003876626	0.9
proba_weak	0.030625839356264506	1.0	0.07047640293824908	0.9	0.030625839356264506
embedding_weak	0.9	0.07047640293824908	1.0	0.2659180922614556	0.9
proba	0.14467269003876626	0.9	0.2659180922614556	1.0	0.14467269003876626
embedding	0.9	0.030625839356264506	0.9	0.14467269003876626	1.0
