	embedding_weak_chi2	proba_weak	embedding_weak	proba	embedding
embedding_weak_chi2	1.0	0.26591809226145546	0.9	0.011995854551952512	0.6108102590220721
proba_weak	0.26591809226145546	1.0	0.07047640293824908	0.7243188684112062	0.9
embedding_weak	0.9	0.07047640293824908	1.0	0.0013623366408801463	0.2659180922614556
proba	0.011995854551952512	0.7243188684112062	0.0013623366408801463	1.0	0.37443682752940766
embedding	0.6108102590220721	0.9	0.2659180922614556	0.37443682752940766	1.0
