	embedding_weak_chi2	proba_weak	embedding_weak	proba	embedding
embedding_weak_chi2	1.0	0.07047640293824908	0.9	0.2659180922614556	0.7243188684112062
proba_weak	0.07047640293824908	1.0	0.2659180922614556	0.9	0.0013623366408801463
embedding_weak	0.9	0.2659180922614556	1.0	0.6108102590220721	0.37443682752940766
proba	0.2659180922614556	0.9	0.6108102590220721	1.0	0.011995854551952512
embedding	0.7243188684112062	0.0013623366408801463	0.37443682752940766	0.011995854551952512	1.0
