	embedding_weak_chi2	proba_weak	embedding_weak	proba	embedding
embedding_weak_chi2	1.0	0.07047640293824908	0.9	0.37443682752940766	0.8378224470053397
proba_weak	0.07047640293824908	1.0	0.2659180922614556	0.9	0.002942051328913786
embedding_weak	0.9	0.2659180922614556	1.0	0.7243188684112062	0.4971255268182875
proba	0.37443682752940766	0.9	0.7243188684112062	1.0	0.04090200577890224
embedding	0.8378224470053397	0.002942051328913786	0.4971255268182875	0.04090200577890224	1.0
