	embedding_weak_chi2	proba_weak	embedding_weak	proba	embedding
embedding_weak_chi2	1.0	0.07047640293824908	0.9	0.2659180922614556	0.9
proba_weak	0.07047640293824908	1.0	0.1154003029882752	0.9	0.006071443763657536
embedding_weak	0.9	0.1154003029882752	1.0	0.37443682752940766	0.8378224470053398
proba	0.2659180922614556	0.9	0.37443682752940766	1.0	0.04090200577890224
embedding	0.9	0.006071443763657536	0.8378224470053398	0.04090200577890224	1.0
