	embedding_weak_chi2	proba_weak	embedding_weak	proba	embedding
embedding_weak_chi2	1.0	0.07047640293824908	0.9	0.37443682752940766	0.9
proba_weak	0.07047640293824908	1.0	0.1794662644591224	0.9	0.006071443763657536
embedding_weak	0.9	0.1794662644591224	1.0	0.610810259022071	0.7243188684112062
proba	0.37443682752940766	0.9	0.610810259022071	1.0	0.07047640293821211
embedding	0.9	0.006071443763657536	0.7243188684112062	0.07047640293821211	1.0
