	embedding_weak_chi2	proba_weak	embedding_weak	proba	embedding
embedding_weak_chi2	1.0	0.4971255268182868	0.9	0.016585147862772875	0.016585147862772875
proba_weak	0.4971255268182868	1.0	0.6108102590220721	0.5540609638468026	0.5540609638468026
embedding_weak	0.9	0.6108102590220721	1.0	0.030625839356264506	0.030625839356264506
proba	0.016585147862772875	0.5540609638468026	0.030625839356264506	1.0	0.9
embedding	0.016585147862772875	0.5540609638468026	0.030625839356264506	0.9	1.0
