	embedding_weak_chi2	proba_weak	embedding_weak	proba	embedding
embedding_weak_chi2	1.0	0.26591809226145546	0.9	0.37443682752940766	0.6108102590220721
proba_weak	0.26591809226145546	1.0	0.1154003029882762	0.9	0.006071443763657536
embedding_weak	0.9	0.1154003029882762	1.0	0.17946626445912217	0.8378224470053397
proba	0.37443682752940766	0.9	0.17946626445912217	1.0	0.011995854551952512
embedding	0.6108102590220721	0.006071443763657536	0.8378224470053397	0.011995854551952512	1.0
