	embedding_weak_chi2	proba_weak	embedding_weak	proba	embedding
embedding_weak_chi2	1.0	0.5540609638468026	0.9	0.9	0.9
proba_weak	0.5540609638468026	1.0	0.3172058680752413	0.9	0.3172058680752413
embedding_weak	0.9	0.3172058680752413	1.0	0.7243188684112062	0.9
proba	0.9	0.9	0.7243188684112062	1.0	0.7243188684112062
embedding	0.9	0.3172058680752413	0.9	0.7243188684112062	1.0
