	embedding_weak_chi2	proba_weak	embedding_weak	proba	embedding
embedding_weak_chi2	1.0	0.26591809226145546	0.7243188684112065	0.9	0.9
proba_weak	0.26591809226145546	1.0	0.9	0.7243188684112063	0.26591809226145546
embedding_weak	0.7243188684112065	0.9	1.0	0.9	0.7243188684112065
proba	0.9	0.7243188684112063	0.9	1.0	0.9
embedding	0.9	0.26591809226145546	0.7243188684112065	0.9	1.0
