	embedding_weak_chi2	proba_weak	embedding_weak	proba	embedding
embedding_weak_chi2	1.0	0.1154003029882762	0.9	0.2659180922614556	0.9
proba_weak	0.1154003029882762	1.0	0.26591809226145546	0.9	0.01199585455195129
embedding_weak	0.9	0.26591809226145546	1.0	0.49712552681828726	0.7243188684112062
proba	0.2659180922614556	0.9	0.49712552681828726	1.0	0.04090200577890224
embedding	0.9	0.01199585455195129	0.7243188684112062	0.04090200577890224	1.0
