	embedding_weak_chi2	proba_weak	embedding_weak	proba	embedding
embedding_weak_chi2	1.0	0.9	0.9	0.17946626445912217	0.04090200577890224
proba_weak	0.9	1.0	0.4971255268182868	0.6108102590220721	0.2659180922614556
embedding_weak	0.9	0.4971255268182868	1.0	0.022660626220582847	0.002942051328913786
proba	0.17946626445912217	0.6108102590220721	0.022660626220582847	1.0	0.9
embedding	0.04090200577890224	0.2659180922614556	0.002942051328913786	0.9	1.0
