	embedding_weak_chi2	proba_weak	embedding_weak	proba	embedding
embedding_weak_chi2	1.0	0.8378224470053398	0.9	0.1794662644591224	0.1154003029882752
proba_weak	0.8378224470053398	1.0	0.610810259022071	0.01199585455195129	0.006071443763657536
embedding_weak	0.9	0.610810259022071	1.0	0.37443682752940766	0.2659180922614556
proba	0.1794662644591224	0.01199585455195129	0.37443682752940766	1.0	0.9
embedding	0.1154003029882752	0.006071443763657536	0.2659180922614556	0.9	1.0
