	embedding_weak_chi2	proba_weak	embedding_weak	proba	embedding
embedding_weak_chi2	1.0	0.9	0.8378224470053398	0.26591809226145546	0.07047640293824908
proba_weak	0.9	1.0	0.610810259022071	0.4971255268182875	0.17946626445912217
embedding_weak	0.8378224470053398	0.610810259022071	1.0	0.022660626220582847	0.002942051328913786
proba	0.26591809226145546	0.4971255268182875	0.022660626220582847	1.0	0.9
embedding	0.07047640293824908	0.17946626445912217	0.002942051328913786	0.9	1.0
