	embedding_weak_chi2	proba_weak	embedding_weak	proba	embedding
embedding_weak_chi2	1.0	0.004247966708778805	0.6675655319684728	0.22000392308985195	0.9
proba_weak	0.004247966708778805	1.0	0.17946626445912217	0.610810259022071	0.030625839356264506
embedding_weak	0.6675655319684728	0.17946626445912217	1.0	0.9	0.9
proba	0.22000392308985195	0.610810259022071	0.9	1.0	0.5540609638468026
embedding	0.9	0.030625839356264506	0.9	0.5540609638468026	1.0
