	embedding_weak_chi2	proba_weak	embedding_weak	proba	embedding
embedding_weak_chi2	1.0	0.9	0.9	0.07047640293822444	0.04090200577890224
proba_weak	0.9	1.0	0.8378224470053398	0.37443682752940766	0.26591809226145546
embedding_weak	0.9	0.8378224470053398	1.0	0.04090200577890224	0.022660626220582847
proba	0.07047640293822444	0.37443682752940766	0.04090200577890224	1.0	0.9
embedding	0.04090200577890224	0.26591809226145546	0.022660626220582847	0.9	1.0
