	embedding_weak_chi2	proba_weak	embedding_weak	proba	embedding
embedding_weak_chi2	1.0	0.2659180922614556	0.9	0.9	0.8378224470053398
proba_weak	0.2659180922614556	1.0	0.37443682752940766	0.1794662644591224	0.022660626220582847
embedding_weak	0.9	0.37443682752940766	1.0	0.9	0.7243188684112063
proba	0.9	0.1794662644591224	0.9	1.0	0.9
embedding	0.8378224470053398	0.022660626220582847	0.7243188684112063	0.9	1.0
