	embedding_weak_chi2	proba_weak	embedding_weak	proba	embedding
embedding_weak_chi2	1.0	0.49712552681828726	0.9	0.610810259022071	0.9
proba_weak	0.49712552681828726	1.0	0.7243188684112062	0.9	0.2659180922614556
embedding_weak	0.9	0.7243188684112062	1.0	0.8378224470053398	0.9
proba	0.610810259022071	0.9	0.8378224470053398	1.0	0.37443682752940766
embedding	0.9	0.2659180922614556	0.9	0.37443682752940766	1.0
