	embedding_weak_chi2	proba_weak	embedding_weak	proba	embedding
embedding_weak_chi2	1.0	0.9	0.9	0.2659180922614556	0.022660626220582847
proba_weak	0.9	1.0	0.4971255268182868	0.04090200577890224	0.0013623366408801463
embedding_weak	0.9	0.4971255268182868	1.0	0.7243188684112062	0.17946626445912217
proba	0.2659180922614556	0.04090200577890224	0.7243188684112062	1.0	0.8378224470053398
embedding	0.022660626220582847	0.0013623366408801463	0.17946626445912217	0.8378224470053398	1.0
