	embedding_weak_chi2	proba_weak	embedding_weak	proba	embedding
embedding_weak_chi2	1.0	0.9	0.9	0.1154003029882752	0.07047640293821211
proba_weak	0.9	1.0	0.4971255268182868	0.01199585455195129	0.006071443763657536
embedding_weak	0.9	0.4971255268182868	1.0	0.49712552681828726	0.37443682752940766
proba	0.1154003029882752	0.01199585455195129	0.49712552681828726	1.0	0.9
embedding	0.07047640293821211	0.006071443763657536	0.37443682752940766	0.9	1.0
