	embedding_weak_chi2	proba_weak	embedding_weak	proba	embedding
embedding_weak_chi2	1.0	0.9	0.9	0.22000392308985195	0.22000392308985195
proba_weak	0.9	1.0	0.9	0.05396254294088054	0.05396254294088054
embedding_weak	0.9	0.9	1.0	0.05396254294088054	0.05396254294088054
proba	0.22000392308985195	0.05396254294088054	0.05396254294088054	1.0	0.9
embedding	0.22000392308985195	0.05396254294088054	0.05396254294088054	0.9	1.0
