	embedding_weak_chi2	proba_weak	embedding_weak	proba	embedding
embedding_weak_chi2	1.0	0.6675655319684728	0.9	0.7243188684112062	0.1154003029882752
proba_weak	0.6675655319684728	1.0	0.2659180922614556	0.09041700015785326	0.00201532236655233
embedding_weak	0.9	0.2659180922614556	1.0	0.9	0.4355959273504688
proba	0.7243188684112062	0.09041700015785326	0.9	1.0	0.7243188684112065
embedding	0.1154003029882752	0.00201532236655233	0.4355959273504688	0.7243188684112065	1.0
