	embedding_weak_chi2	proba_weak	embedding_weak	proba	embedding
embedding_weak_chi2	1.0	0.4971255268182868	0.9	0.37443682752940766	0.07047640293824908
proba_weak	0.4971255268182868	1.0	0.22000392308985206	0.9	0.8378224470053398
embedding_weak	0.9	0.22000392308985206	1.0	0.14467269003876482	0.016585147862772875
proba	0.37443682752940766	0.9	0.14467269003876482	1.0	0.9
embedding	0.07047640293824908	0.8378224470053398	0.016585147862772875	0.9	1.0
