	embedding_weak_chi2	proba_weak	embedding_weak	proba	embedding
embedding_weak_chi2	1.0	0.9	0.9	0.26591809226145546	0.07047640293824908
proba_weak	0.9	1.0	0.8378224470053401	0.3744368275294072	0.11540030298827397
embedding_weak	0.9	0.8378224470053401	1.0	0.04090200577890224	0.006071443763657536
proba	0.26591809226145546	0.3744368275294072	0.04090200577890224	1.0	0.9
embedding	0.07047640293824908	0.11540030298827397	0.006071443763657536	0.9	1.0
