	embedding_weak_chi2	proba_weak	embedding_weak	proba	embedding
embedding_weak_chi2	1.0	0.6675655319684728	0.9	0.9	0.14467269003876482
proba_weak	0.6675655319684728	1.0	0.6108102590220721	0.4355959273504688	0.002942051328913786
embedding_weak	0.9	0.6108102590220721	1.0	0.9	0.17946626445912217
proba	0.9	0.4355959273504688	0.9	1.0	0.31720586807524165
embedding	0.14467269003876482	0.002942051328913786	0.17946626445912217	0.31720586807524165	1.0
