	embedding_weak_chi2	proba_weak	embedding_weak	proba	embedding
embedding_weak_chi2	1.0	0.7243188684112065	0.9	0.9	0.8945782075082741
proba_weak	0.7243188684112065	1.0	0.49712552681828726	0.610810259022071	0.9
embedding_weak	0.9	0.49712552681828726	1.0	0.9	0.6675655319684723
proba	0.9	0.610810259022071	0.9	1.0	0.7810712581307878
embedding	0.8945782075082741	0.9	0.6675655319684723	0.7810712581307878	1.0
