	embedding_weak_chi2	proba_weak	embedding_weak	proba	embedding
embedding_weak_chi2	1.0	0.6675655319684723	0.8378224470053401	0.9	0.22000392308985195
proba_weak	0.6675655319684723	1.0	0.9	0.2659180922614556	0.006071443763657536
embedding_weak	0.8378224470053401	0.9	1.0	0.4355959273504688	0.016585147862772875
proba	0.9	0.2659180922614556	0.4355959273504688	1.0	0.610810259022071
embedding	0.22000392308985195	0.006071443763657536	0.016585147862772875	0.610810259022071	1.0
