	embedding_weak_chi2	proba_weak	embedding_weak	proba	embedding
embedding_weak_chi2	1.0	0.37443682752940766	0.9	0.9	0.37443682752940766
proba_weak	0.37443682752940766	1.0	0.7243188684112065	0.6108102590220721	0.002942051328913786
embedding_weak	0.9	0.7243188684112065	1.0	0.9	0.1154003029882752
proba	0.9	0.6108102590220721	0.9	1.0	0.17946626445912217
embedding	0.37443682752940766	0.002942051328913786	0.1154003029882752	0.17946626445912217	1.0
