	embedding_weak_chi2	proba_weak	embedding_weak	proba	embedding
embedding_weak_chi2	1.0	0.9	0.9	0.2659180922614556	0.2659180922614556
proba_weak	0.9	1.0	0.9	0.49712552681828726	0.1154003029882752
embedding_weak	0.9	0.9	1.0	0.1154003029882752	0.49712552681828726
proba	0.2659180922614556	0.49712552681828726	0.1154003029882752	1.0	0.001
embedding	0.2659180922614556	0.1154003029882752	0.49712552681828726	0.001	1.0
