	embedding	embedding_weak	embedding_weak_chi2	proba	proba_weak
embedding	1.0	0.04986135750624299	0.04986135750624299	0.024319178772926664	0.001
embedding_weak	0.04986135750624299	1.0	0.9	0.9	0.01653739826324996
embedding_weak_chi2	0.04986135750624299	0.9	1.0	0.9	0.01653739826324996
proba	0.024319178772926664	0.9	0.9	1.0	0.03516197658205922
proba_weak	0.001	0.01653739826324996	0.01653739826324996	0.03516197658205922	1.0
