	embedding	embedding_weak	embedding_weak_chi2	proba	proba_weak
embedding	1.0	0.029306207949795104	0.09486665063066546	0.09486665063066546	0.001
embedding_weak	0.029306207949795104	1.0	0.9	0.9	0.30528468430211464
embedding_weak_chi2	0.09486665063066546	0.9	1.0	0.9	0.1271260038230131
proba	0.09486665063066546	0.9	0.9	1.0	0.1271260038230131
proba_weak	0.001	0.30528468430211464	0.1271260038230131	0.1271260038230131	1.0
