	embedding	embedding_weak	embedding_weak_chi2	proba	proba_weak
embedding	1.0	0.004683182670634167	0.008968539439699885	0.45140921380912036	0.001
embedding_weak	0.004683182670634167	1.0	0.9	0.3753314039003587	0.12712600382300776
embedding_weak_chi2	0.008968539439699885	0.9	1.0	0.4895597741389368	0.08160772953265572
proba	0.45140921380912036	0.3753314039003587	0.4895597741389368	1.0	0.001
proba_weak	0.001	0.12712600382300776	0.08160772953265572	0.001	1.0
