	embedding	embedding_weak	embedding_weak_chi2	proba	proba_weak
embedding	1.0	0.9	0.9	0.5254350903094724	0.7718138572811053
embedding_weak	0.9	1.0	0.9	0.11037147766853284	0.27354186029259575
embedding_weak_chi2	0.9	0.9	1.0	0.3753314039003587	0.6310240265813225
proba	0.5254350903094724	0.11037147766853284	0.3753314039003587	1.0	0.9
proba_weak	0.7718138572811053	0.27354186029259575	0.6310240265813225	0.9	1.0
