	embedding	embedding_weak	embedding_weak_chi2	proba	proba_weak
embedding	1.0	0.7718138572811055	0.9	0.19079307571764126	0.41305456585507005
embedding_weak	0.7718138572811055	1.0	0.9	0.8070088666473478	0.9
embedding_weak_chi2	0.9	0.9	1.0	0.30528468430211464	0.5606339638688929
proba	0.19079307571764126	0.8070088666473478	0.30528468430211464	1.0	0.9
proba_weak	0.41305456585507005	0.9	0.5606339638688929	0.9	1.0
