	embedding	embedding_weak	embedding_weak_chi2	proba	proba_weak
embedding	1.0	0.007252569109660656	0.011047012649714305	0.30528468430211475	0.001
embedding_weak	0.007252569109660656	1.0	0.9	0.5958291341628892	0.11037147766853284
embedding_weak_chi2	0.011047012649714305	0.9	1.0	0.6662231181554084	0.08160772953265572
proba	0.30528468430211475	0.5958291341628892	0.6662231181554084	1.0	0.0011383225064148794
proba_weak	0.001	0.11037147766853284	0.08160772953265572	0.0011383225064148794	1.0
