	embedding	embedding_weak	embedding_weak_chi2	proba	proba_weak
embedding	1.0	0.013547616102204452	0.011047012649714305	0.45140921380912036	0.001
embedding_weak	0.013547616102204452	1.0	0.9	0.5606339638688922	0.3753314039003587
embedding_weak_chi2	0.011047012649714305	0.9	1.0	0.5254350903094724	0.4130545658550696
proba	0.45140921380912036	0.5606339638688922	0.5254350903094724	1.0	0.008968539439699885
proba_weak	0.001	0.3753314039003587	0.4130545658550696	0.008968539439699885	1.0
