	embedding	embedding_weak	embedding_weak_chi2	proba	proba_weak
embedding	1.0	0.02010088917281916	0.035161976582058996	0.008968539439699885	0.001
embedding_weak	0.02010088917281916	1.0	0.9	0.9	0.24370948864660558
embedding_weak_chi2	0.035161976582058996	0.9	1.0	0.9	0.16778108902518618
proba	0.008968539439699885	0.9	0.9	1.0	0.3753314039003579
proba_weak	0.001	0.24370948864660558	0.16778108902518618	0.3753314039003579	1.0
