	embedding	embedding_weak	embedding_weak_chi2	proba	proba_weak
embedding	1.0	0.004683182670634167	0.007252569109660656	0.45140921380912036	0.001
embedding_weak	0.004683182670634167	1.0	0.9	0.3753314039003587	0.14642724309722654
embedding_weak_chi2	0.007252569109660656	0.9	1.0	0.45140921380912036	0.11037147766853284
proba	0.45140921380912036	0.3753314039003587	0.45140921380912036	1.0	0.001
proba_weak	0.001	0.14642724309722654	0.11037147766853284	0.001	1.0
