	embedding	embedding_weak	embedding_weak_chi2	proba	proba_weak
embedding	1.0	0.005838193806382841	0.011047012649714305	0.30528468430211475	0.001
embedding_weak	0.005838193806382841	1.0	0.9	0.5606339638688922	0.14642724309722654
embedding_weak_chi2	0.011047012649714305	0.9	1.0	0.6662231181554084	0.09486665063066557
proba	0.30528468430211475	0.5606339638688922	0.6662231181554084	1.0	0.0014578026275124945
proba_weak	0.001	0.14642724309722654	0.09486665063066557	0.0014578026275124945	1.0
