	embedding_weak_chi2	proba_weak	embedding_weak	proba	embedding
embedding_weak_chi2	1.0	0.07047640293824908	0.9	0.2659180922614556	0.8378224470053397
proba_weak	0.07047640293824908	1.0	0.1794662644591224	0.9	0.002942051328913786
embedding_weak	0.9	0.1794662644591224	1.0	0.49712552681828726	0.6108102590220721
proba	0.2659180922614556	0.9	0.49712552681828726	1.0	0.022660626220582847
embedding	0.8378224470053397	0.002942051328913786	0.6108102590220721	0.022660626220582847	1.0
