	embedding_weak_chi2	proba_weak	embedding_weak	proba	embedding
embedding_weak_chi2	1.0	0.002942051328913786	0.9	0.07047640293821211	0.610810259022071
proba_weak	0.002942051328913786	1.0	0.011995854551952512	0.8378224470053398	0.17946626445912217
embedding_weak	0.9	0.011995854551952512	1.0	0.17946626445912217	0.8378224470053398
proba	0.07047640293821211	0.8378224470053398	0.17946626445912217	1.0	0.7243188684112062
embedding	0.610810259022071	0.17946626445912217	0.8378224470053398	0.7243188684112062	1.0
