	embedding_weak_chi2	proba_weak	embedding_weak	proba	embedding
embedding_weak_chi2	1.0	0.7243188684112065	0.9	0.8945782075082741	0.14467269003876626
proba_weak	0.7243188684112065	1.0	0.37443682752940766	0.22000392308985206	0.7810712581307873
embedding_weak	0.9	0.37443682752940766	1.0	0.9	0.030625839356264506
proba	0.8945782075082741	0.22000392308985206	0.9	1.0	0.011995854551952512
embedding	0.14467269003876626	0.7810712581307873	0.030625839356264506	0.011995854551952512	1.0
