	embedding_weak_chi2	proba_weak	embedding_weak	proba	embedding
embedding_weak_chi2	1.0	0.1154003029882752	0.8378224470053398	0.9	0.49712552681828726
proba_weak	0.1154003029882752	1.0	0.610810259022071	0.17946626445912217	0.001
embedding_weak	0.8378224470053398	0.610810259022071	1.0	0.9	0.07047640293821211
proba	0.9	0.17946626445912217	0.9	1.0	0.37443682752940766
embedding	0.49712552681828726	0.001	0.07047640293821211	0.37443682752940766	1.0
