	embedding_weak_chi2	proba_weak	embedding_weak
embedding_weak_chi2	1.0	0.7817136394489163	0.6912664884554746
proba_weak	0.7817136394489163	1.0	0.9
embedding_weak	0.6912664884554746	0.9	1.0
