	embedding_weak_chi2	proba_weak	embedding_weak	proba	embedding
embedding_weak_chi2	1.0	0.37443682752940766	0.9	0.49712552681828726	0.6108102590220721
proba_weak	0.37443682752940766	1.0	0.37443682752940766	0.9	0.011995854551952512
embedding_weak	0.9	0.37443682752940766	1.0	0.49712552681828726	0.6108102590220721
proba	0.49712552681828726	0.9	0.49712552681828726	1.0	0.022660626220582847
embedding	0.6108102590220721	0.011995854551952512	0.6108102590220721	0.022660626220582847	1.0
