	embedding_weak_chi2	proba_weak	embedding_weak	proba	embedding
embedding_weak_chi2	1.0	0.37443682752940766	0.9	0.49712552681828637	0.37443682752940766
proba_weak	0.37443682752940766	1.0	0.1154003029882762	0.9	0.002942051328913786
embedding_weak	0.9	0.1154003029882762	1.0	0.17946626445912217	0.7243188684112062
proba	0.49712552681828637	0.9	0.17946626445912217	1.0	0.006071443763657536
embedding	0.37443682752940766	0.002942051328913786	0.7243188684112062	0.006071443763657536	1.0
