	embedding_weak_chi2	proba_weak	embedding_weak	proba	embedding
embedding_weak_chi2	1.0	0.37443682752940766	0.9	0.49712552681828637	0.4971255268182875
proba_weak	0.37443682752940766	1.0	0.07047640293824908	0.9	0.006071443763657536
embedding_weak	0.9	0.07047640293824908	1.0	0.11540030298827397	0.9
proba	0.49712552681828637	0.9	0.11540030298827397	1.0	0.011995854551952512
embedding	0.4971255268182875	0.006071443763657536	0.9	0.011995854551952512	1.0
