	embedding_weak_chi2	proba_weak	embedding_weak	proba	embedding
embedding_weak_chi2	1.0	0.7243188684112065	0.1794662644591224	0.9	0.7810712581307878
proba_weak	0.7243188684112065	1.0	0.8378224470053398	0.5540609638468026	0.14467269003876482
embedding_weak	0.1794662644591224	0.8378224470053398	1.0	0.09041700015785326	0.00858080288642471
proba	0.9	0.5540609638468026	0.09041700015785326	1.0	0.9
embedding	0.7810712581307878	0.14467269003876482	0.00858080288642471	0.9	1.0
