	embedding_weak_chi2	proba_weak	embedding_weak	proba	embedding
embedding_weak_chi2	1.0	0.4971255268182868	0.9	0.5540609638468026	0.43559592735046815
proba_weak	0.4971255268182868	1.0	0.8378224470053398	0.016585147862772875	0.00858080288642471
embedding_weak	0.9	0.8378224470053398	1.0	0.22000392308985206	0.14467269003876482
proba	0.5540609638468026	0.016585147862772875	0.22000392308985206	1.0	0.9
embedding	0.43559592735046815	0.00858080288642471	0.14467269003876482	0.9	1.0
