	embedding_weak_chi2	proba_weak	embedding_weak	proba	embedding
embedding_weak_chi2	1.0	0.2659180922614556	0.9	0.9	0.9
proba_weak	0.2659180922614556	1.0	0.49712552681828726	0.17946626445912217	0.17946626445912217
embedding_weak	0.9	0.49712552681828726	1.0	0.9	0.9
proba	0.9	0.17946626445912217	0.9	1.0	0.9
embedding	0.9	0.17946626445912217	0.9	0.9	1.0
