	embedding_weak_chi2	proba_weak	embedding_weak	proba	embedding
embedding_weak_chi2	1.0	0.5540609638468026	0.9	0.3744368275294072	0.2659180922614556
proba_weak	0.5540609638468026	1.0	0.43559592735046815	0.00858080288642471	0.004247966708778805
embedding_weak	0.9	0.43559592735046815	1.0	0.4971255268182875	0.37443682752940766
proba	0.3744368275294072	0.00858080288642471	0.4971255268182875	1.0	0.9
embedding	0.2659180922614556	0.004247966708778805	0.37443682752940766	0.9	1.0
