	embedding_weak_chi2	proba_weak	embedding_weak	proba	embedding
embedding_weak_chi2	1.0	0.37443682752940766	0.9	0.5540609638468026	0.43559592735046815
proba_weak	0.37443682752940766	1.0	0.610810259022071	0.00858080288642471	0.004247966708778805
embedding_weak	0.9	0.610810259022071	1.0	0.3172058680752413	0.22000392308985195
proba	0.5540609638468026	0.00858080288642471	0.3172058680752413	1.0	0.9
embedding	0.43559592735046815	0.004247966708778805	0.22000392308985195	0.9	1.0
