	proba_weak	proba_weak__drop30	proba_weak__drop50	proba_weak__drop80
proba_weak	1.0	0.9980154048711165	0.8072275444999112	0.2282882809041416
proba_weak__drop30	0.9980154048711165	1.0	0.9980154048711165	0.8072275444999112
proba_weak__drop50	0.8072275444999112	0.9980154048711165	1.0	0.9980154048711165
proba_weak__drop80	0.2282882809041416	0.8072275444999112	0.9980154048711165	1.0
