	embedding	embedding_weak	embedding_weak_chi2	proba	proba_weak
embedding	1.0	0.02010088917281916	0.0696132292463385	0.024319178772926664	0.001
embedding_weak	0.02010088917281916	1.0	0.9	0.9	0.0696132292463385
embedding_weak_chi2	0.0696132292463385	0.9	1.0	0.9	0.02010088917281916
proba	0.024319178772926664	0.9	0.9	1.0	0.05905743955100806
proba_weak	0.001	0.0696132292463385	0.02010088917281916	0.05905743955100806	1.0
