	proba_weak	proba_weak__drop30	proba_weak__drop50	proba_weak__drop80
proba_weak	1.0	1.0	0.8451075660588669	0.2283493625125505
proba_weak__drop30	1.0	1.0	1.0	0.8451075660588669
proba_weak__drop50	0.8451075660588669	1.0	1.0	1.0
proba_weak__drop80	0.2283493625125505	0.8451075660588669	1.0	1.0
