	proba_weak	proba_weak__drop30	proba_weak__drop50	proba_weak__drop80
proba_weak	1.0	0.9846434747877904	0.8450219191411378	0.20683189622634146
proba_weak__drop30	0.9846434747877904	1.0	0.9846434747877904	0.8450219191411378
proba_weak__drop50	0.8450219191411378	0.9846434747877904	1.0	0.9846434747877904
proba_weak__drop80	0.20683189622634146	0.8450219191411378	0.9846434747877904	1.0
