	proba_weak	proba_weak__drop30	proba_weak__drop50	proba_weak__drop80
proba_weak	1.0	0.9999211372601748	0.6805246681868732	0.24854582166655975
proba_weak__drop30	0.9999211372601748	1.0	0.9999211372601748	0.8341053416946216
proba_weak__drop50	0.6805246681868732	0.9999211372601748	1.0	0.9999211372601748
proba_weak__drop80	0.24854582166655975	0.8341053416946216	0.9999211372601748	1.0
