	embedding	embedding_weak	embedding_weak_chi2	proba	proba_weak
embedding	1.0	0.9	0.8070088666473484	0.035161976582058996	0.1271260038230131
embedding_weak	0.9	1.0	0.9	0.14642724309722654	0.3753314039003587
embedding_weak_chi2	0.8070088666473484	0.9	1.0	0.3753314039003587	0.6662231181554084
proba	0.035161976582058996	0.14642724309722654	0.3753314039003587	1.0	0.9
proba_weak	0.1271260038230131	0.3753314039003587	0.6662231181554084	0.9	1.0
