	embedding	embedding_weak	embedding_weak_chi2	proba	proba_weak
embedding	1.0	0.9	0.3390311754908504	0.21630856398802167	0.01653739826324996
embedding_weak	0.9	1.0	0.5606339638688922	0.4130545658550696	0.04986135750624654
embedding_weak_chi2	0.3390311754908504	0.5606339638688922	1.0	0.9	0.7014183733250922
proba	0.21630856398802167	0.4130545658550696	0.9	1.0	0.8422041560714815
proba_weak	0.01653739826324996	0.04986135750624654	0.7014183733250922	0.8422041560714815	1.0
