	proba_weak	proba_weak__drop30	proba_weak__drop50	proba_weak__drop80
proba_weak	1.0	0.971316738408184	0.819600305154572	0.20341631816318356
proba_weak__drop30	0.971316738408184	1.0	0.971316738408184	0.819600305154572
proba_weak__drop50	0.819600305154572	0.971316738408184	1.0	0.971316738408184
proba_weak__drop80	0.20341631816318356	0.819600305154572	0.971316738408184	1.0
