	embedding	embedding_weak	embedding_weak_chi2	proba	proba_weak
embedding	1.0	0.002352518270628323	0.04986135750624654	0.08160772953265927	0.001
embedding_weak	0.002352518270628323	1.0	0.8774034046631072	0.7718138572811055	0.14642724309722654
embedding_weak_chi2	0.04986135750624654	0.8774034046631072	1.0	0.9	0.011047012649714416
proba	0.08160772953265927	0.7718138572811055	0.9	1.0	0.005838193806382952
proba_weak	0.001	0.14642724309722654	0.011047012649714416	0.005838193806382952	1.0
