	embedding	embedding_weak	embedding_weak_chi2	proba	proba_weak
embedding	1.0	0.9	0.5958291341628892	0.5606339638688929	0.9
embedding_weak	0.9	1.0	0.9	0.21630856398802167	0.7366167476562766
embedding_weak_chi2	0.5958291341628892	0.9	1.0	0.029306207949795104	0.27354186029259575
proba	0.5606339638688929	0.21630856398802167	0.029306207949795104	1.0	0.8774034046631072
proba_weak	0.9	0.7366167476562766	0.27354186029259575	0.8774034046631072	1.0
