	proba_weak	proba_weak__drop30	proba_weak__drop50	proba_weak__drop80
proba_weak	1.0	0.920202996479816	0.496821129092271	0.12858853947581717
proba_weak__drop30	0.920202996479816	1.0	0.920202996479816	0.33806458136439
proba_weak__drop50	0.496821129092271	0.920202996479816	1.0	0.920202996479816
proba_weak__drop80	0.12858853947581717	0.33806458136439	0.920202996479816	1.0
