	proba_weak	proba_weak__drop30	proba_weak__drop50	proba_weak__drop80
proba_weak	1.0	0.99810768381501	0.8197693075977672	0.22462112548364238
proba_weak__drop30	0.99810768381501	1.0	0.99810768381501	0.8197693075977672
proba_weak__drop50	0.8197693075977672	0.99810768381501	1.0	0.99810768381501
proba_weak__drop80	0.22462112548364238	0.8197693075977672	0.99810768381501	1.0
