	proba_weak	proba_weak__drop30	proba_weak__drop50	proba_weak__drop80
proba_weak	1.0	0.9582806260860592	0.7950625651905674	0.20014901388783746
proba_weak__drop30	0.9582806260860592	1.0	0.9582806260860592	0.7950625651905674
proba_weak__drop50	0.7950625651905674	0.9582806260860592	1.0	0.9582806260860592
proba_weak__drop80	0.20014901388783746	0.7950625651905674	0.9582806260860592	1.0
