	proba_weak	proba_weak__drop30	proba_weak__drop50	proba_weak__drop80
proba_weak	1.0	0.9847049614333899	0.8197693075977672	0.21379599999926774
proba_weak__drop30	0.9847049614333899	1.0	0.9847049614333899	0.8197693075977672
proba_weak__drop50	0.8197693075977672	0.9847049614333899	1.0	0.9847049614333899
proba_weak__drop80	0.21379599999926774	0.8197693075977672	0.9847049614333899	1.0
