	proba_weak	proba_weak__drop30	proba_weak__drop50	proba_weak__drop80
proba_weak	1.0	1.0	0.871088430200496	0.23021599759116917
proba_weak__drop30	1.0	1.0	1.0	0.871088430200496
proba_weak__drop50	0.871088430200496	1.0	1.0	1.0
proba_weak__drop80	0.23021599759116917	0.871088430200496	1.0	1.0
