	proba_weak	proba_weak__drop30	proba_weak__drop50	proba_weak__drop80
proba_weak	1.0	1.0	0.8450647430839596	0.21912226599500603
proba_weak__drop30	1.0	1.0	1.0	0.8450647430839596
proba_weak__drop50	0.8450647430839596	1.0	1.0	1.0
proba_weak__drop80	0.21912226599500603	0.8450647430839596	1.0	1.0
