	embedding_weak_chi2	proba_weak	embedding_weak	proba	embedding
embedding_weak_chi2	1.0	0.37443682752940766	0.9	0.8378224470053398	0.7243188684112062
proba_weak	0.37443682752940766	1.0	0.6108102590220721	0.9	0.022660626220582847
embedding_weak	0.9	0.6108102590220721	1.0	0.9	0.49712552681828726
proba	0.8378224470053398	0.9	0.9	1.0	0.17946626445912217
embedding	0.7243188684112062	0.022660626220582847	0.49712552681828726	0.17946626445912217	1.0
