	embedding_weak_chi2	proba_weak	embedding_weak	proba	embedding
embedding_weak_chi2	1.0	0.6108102590220721	0.7243188684112063	0.3744368275294072	0.4971255268182875
proba_weak	0.6108102590220721	1.0	0.9	0.9	0.9
embedding_weak	0.7243188684112063	0.9	1.0	0.9	0.9
proba	0.3744368275294072	0.9	0.9	1.0	0.9
embedding	0.4971255268182875	0.9	0.9	0.9	1.0
