	embedding_weak_chi2	proba_weak	embedding_weak	proba	embedding
embedding_weak_chi2	1.0	0.4971255268182868	0.37443682752940766	0.610810259022071	0.9
proba_weak	0.4971255268182868	1.0	0.9	0.9	0.1154003029882752
embedding_weak	0.37443682752940766	0.9	1.0	0.9	0.07047640293821211
proba	0.610810259022071	0.9	0.9	1.0	0.17946626445912217
embedding	0.9	0.1154003029882752	0.07047640293821211	0.17946626445912217	1.0
