	cascade_tree_embedder	cascade_weak_label_tree_embedder	cascade_original
cascade_tree_embedder	1.0	0.920101505687922	0.920101505687922
cascade_weak_label_tree_embedder	0.920101505687922	1.0	0.5334234250686638
cascade_original	0.920101505687922	0.5334234250686638	1.0
