	embedding_weak_chi2	proba_weak	embedding_weak	proba	embedding
embedding_weak_chi2	1.0	0.9	0.9	0.37443682752940766	0.04090200577890224
proba_weak	0.9	1.0	0.9	0.1154003029882752	0.006071443763657536
embedding_weak	0.9	0.9	1.0	0.37443682752940766	0.04090200577890224
proba	0.37443682752940766	0.1154003029882752	0.37443682752940766	1.0	0.8378224470053398
embedding	0.04090200577890224	0.006071443763657536	0.04090200577890224	0.8378224470053398	1.0
