	embedding_weak_chi2	proba_weak	embedding_weak	proba	embedding
embedding_weak_chi2	1.0	0.7243188684112062	0.9	0.1794662644591224	0.1154003029882752
proba_weak	0.7243188684112062	1.0	0.37443682752940766	0.006071443763657536	0.002942051328913786
embedding_weak	0.9	0.37443682752940766	1.0	0.49712552681828726	0.37443682752940766
proba	0.1794662644591224	0.006071443763657536	0.49712552681828726	1.0	0.9
embedding	0.1154003029882752	0.002942051328913786	0.37443682752940766	0.9	1.0
