	embedding_weak_chi2	proba_weak	embedding_weak	proba	embedding
embedding_weak_chi2	1.0	0.49712552681828726	0.9	0.7243188684112063	0.2659180922614556
proba_weak	0.49712552681828726	1.0	0.8378224470053398	0.04090200577890224	0.9
embedding_weak	0.9	0.8378224470053398	1.0	0.3744368275294072	0.6108102590220721
proba	0.7243188684112063	0.04090200577890224	0.3744368275294072	1.0	0.011995854551952512
embedding	0.2659180922614556	0.9	0.6108102590220721	0.011995854551952512	1.0
