	embedding_weak_chi2	proba_weak	embedding_weak	proba	embedding
embedding_weak_chi2	1.0	0.9	0.49712552681828726	0.37443682752940766	0.7243188684112062
proba_weak	0.9	1.0	0.49712552681828726	0.37443682752940766	0.7243188684112062
embedding_weak	0.49712552681828726	0.49712552681828726	1.0	0.006071443763657536	0.9
proba	0.37443682752940766	0.37443682752940766	0.006071443763657536	1.0	0.022660626220582847
embedding	0.7243188684112062	0.7243188684112062	0.9	0.022660626220582847	1.0
