	cascade_tree_embedder	cascade_weak_label_tree_embedder	cascade_original
cascade_tree_embedder	1.0	0.43199999999999994	0.2229730044791064
cascade_weak_label_tree_embedder	0.43199999999999994	1.0	0.40269216140293657
cascade_original	0.2229730044791064	0.40269216140293657	1.0
