	embedding_weak_chi2	proba_weak	embedding_weak	proba	embedding
embedding_weak_chi2	1.0	0.9	0.9	0.17946626445912217	0.1154003029882762
proba_weak	0.9	1.0	0.9	0.04090200577890224	0.022660626220582847
embedding_weak	0.9	0.9	1.0	0.17946626445912217	0.1154003029882762
proba	0.17946626445912217	0.04090200577890224	0.17946626445912217	1.0	0.9
embedding	0.1154003029882762	0.022660626220582847	0.1154003029882762	0.9	1.0
