	embedding_weak_chi2	proba_weak	embedding_weak	proba	embedding
embedding_weak_chi2	1.0	0.9	0.7243188684112065	0.17946626445912217	0.9
proba_weak	0.9	1.0	0.2659180922614556	0.610810259022071	0.49712552681828726
embedding_weak	0.7243188684112065	0.2659180922614556	1.0	0.006071443763657536	0.9
proba	0.17946626445912217	0.610810259022071	0.006071443763657536	1.0	0.022660626220582847
embedding	0.9	0.49712552681828726	0.9	0.022660626220582847	1.0
