	proba_weak	proba_weak__drop30	proba_weak__drop50	proba_weak__drop80
proba_weak	1.0	0.8732161709870985	1.0	0.863983245764961
proba_weak__drop30	0.8732161709870985	1.0	1.0	1.0
proba_weak__drop50	1.0	1.0	1.0	1.0
proba_weak__drop80	0.863983245764961	1.0	1.0	1.0
