	proba_weak	proba_weak__drop30	proba_weak__drop50	proba_weak__drop80
proba_weak	1.0	0.8161727496262713	0.32628493214763454	0.05625125581349785
proba_weak__drop30	0.8161727496262713	1.0	0.36629569146440233	0.07289368276877797
proba_weak__drop50	0.32628493214763454	0.36629569146440233	1.0	0.5154961619384216
proba_weak__drop80	0.05625125581349785	0.07289368276877797	0.5154961619384216	1.0
