	embedding_weak_chi2	proba_weak	embedding_weak	proba	embedding
embedding_weak_chi2	1.0	0.9	0.9	0.04090200577890224	0.610810259022071
proba_weak	0.9	1.0	0.9	0.022660626220582847	0.49712552681828726
embedding_weak	0.9	0.9	1.0	0.04090200577890224	0.610810259022071
proba	0.04090200577890224	0.022660626220582847	0.04090200577890224	1.0	0.610810259022071
embedding	0.610810259022071	0.49712552681828726	0.610810259022071	0.610810259022071	1.0
