	embedding_weak_chi2	proba_weak	embedding_weak	proba	embedding
embedding_weak_chi2	1.0	0.8378224470053395	0.9	0.1154003029882752	0.8378224470053398
proba_weak	0.8378224470053395	1.0	0.9	0.006071443763657536	0.2659180922614556
embedding_weak	0.9	0.9	1.0	0.04090200577890224	0.610810259022071
proba	0.1154003029882752	0.006071443763657536	0.04090200577890224	1.0	0.610810259022071
embedding	0.8378224470053398	0.2659180922614556	0.610810259022071	0.610810259022071	1.0
