	proba_weak	proba_weak__drop30	proba_weak__drop50	proba_weak__drop80
proba_weak	1.0	1.0	1.0	0.7199860381374674
proba_weak__drop30	1.0	1.0	1.0	1.0
proba_weak__drop50	1.0	1.0	1.0	0.7086954567531552
proba_weak__drop80	0.7199860381374674	1.0	0.7086954567531552	1.0
