	embedding_weak_chi2	proba_weak	embedding_weak	proba	embedding
embedding_weak_chi2	1.0	0.9	0.9	0.09041700015785326	0.7810712581307878
proba_weak	0.9	1.0	0.9	0.011995854551952512	0.37443682752940766
embedding_weak	0.9	0.9	1.0	0.030625839356264506	0.5540609638468026
proba	0.09041700015785326	0.011995854551952512	0.030625839356264506	1.0	0.610810259022071
embedding	0.7810712581307878	0.37443682752940766	0.5540609638468026	0.610810259022071	1.0
