	proba_weak	proba_weak__drop30	proba_weak__drop50	proba_weak__drop80
proba_weak	1.0	0.7732442429076325	0.1749717530994755	0.023347807097146678
proba_weak__drop30	0.7732442429076325	1.0	0.7732442429076325	0.1749717530994755
proba_weak__drop50	0.1749717530994755	0.7732442429076325	1.0	0.7732442429076325
proba_weak__drop80	0.023347807097146678	0.1749717530994755	0.7732442429076325	1.0
