	embedding_weak_chi2	proba_weak	embedding_weak	proba	embedding
embedding_weak_chi2	1.0	0.9	0.9	0.9	0.07047640293821211
proba_weak	0.9	1.0	0.9	0.8378224470053398	0.022660626220582847
embedding_weak	0.9	0.9	1.0	0.9	0.1154003029882752
proba	0.9	0.8378224470053398	0.9	1.0	0.2659180922614556
embedding	0.07047640293821211	0.022660626220582847	0.1154003029882752	0.2659180922614556	1.0
