	embedding_weak_chi2	proba_weak	embedding_weak	proba	embedding
embedding_weak_chi2	1.0	0.2659180922614556	0.9	0.1794662644591224	0.610810259022071
proba_weak	0.2659180922614556	1.0	0.37443682752940766	0.9	0.006071443763657536
embedding_weak	0.9	0.37443682752940766	1.0	0.26591809226145546	0.49712552681828726
proba	0.1794662644591224	0.9	0.26591809226145546	1.0	0.002942051328913786
embedding	0.610810259022071	0.006071443763657536	0.49712552681828726	0.002942051328913786	1.0
