	embedding_weak_chi2	proba_weak	embedding_weak	proba	embedding
embedding_weak_chi2	1.0	0.2659180922614556	0.9	0.1794662644591224	0.7243188684112063
proba_weak	0.2659180922614556	1.0	0.2659180922614556	0.9	0.011995854551952512
embedding_weak	0.9	0.2659180922614556	1.0	0.1794662644591224	0.7243188684112063
proba	0.1794662644591224	0.9	0.1794662644591224	1.0	0.006071443763657536
embedding	0.7243188684112063	0.011995854551952512	0.7243188684112063	0.006071443763657536	1.0
