	proba_weak	proba_weak__drop30	proba_weak__drop50	proba_weak__drop80
proba_weak	1.0	0.5382424975139507	0.2148546004721402	0.036196012441200916
proba_weak__drop30	0.5382424975139507	1.0	0.5382424975139507	0.11317236720341446
proba_weak__drop50	0.2148546004721402	0.5382424975139507	1.0	0.5382424975139507
proba_weak__drop80	0.036196012441200916	0.11317236720341446	0.5382424975139507	1.0
