	proba_weak	proba_weak__drop30	proba_weak__drop50	proba_weak__drop80
proba_weak	1.0	0.32628493214763454	0.1749717530994755	0.08747241932253358
proba_weak__drop30	0.32628493214763454	1.0	1.0	1.0
proba_weak__drop50	0.1749717530994755	1.0	1.0	1.0
proba_weak__drop80	0.08747241932253358	1.0	1.0	1.0
