	embedding_weak_chi2	proba_weak	embedding_weak	proba	embedding
embedding_weak_chi2	1.0	0.2659180922614556	0.8378224470053398	0.022660626220582847	0.8378224470053398
proba_weak	0.2659180922614556	1.0	0.8378224470053398	0.8378224470053398	0.022660626220582847
embedding_weak	0.8378224470053398	0.8378224470053398	1.0	0.2659180922614556	0.2659180922614556
proba	0.022660626220582847	0.8378224470053398	0.2659180922614556	1.0	0.001
embedding	0.8378224470053398	0.022660626220582847	0.2659180922614556	0.001	1.0
