	proba_weak	proba_weak__drop30	proba_weak__drop50	proba_weak__drop80
proba_weak	1.0	0.45983197509972235	0.04911694067529068	0.04911694067529068
proba_weak__drop30	0.45983197509972235	1.0	0.3283897322597714	0.3283897322597714
proba_weak__drop50	0.04911694067529068	0.3283897322597714	1.0	1.0
proba_weak__drop80	0.04911694067529068	0.3283897322597714	1.0	1.0
