	proba_weak	proba_weak__drop30	proba_weak__drop50	proba_weak__drop80
proba_weak	1.0	0.7211795945343413	0.7176566633519342	0.08747241932253358
proba_weak__drop30	0.7211795945343413	1.0	0.7211795945343413	0.40785616518454315
proba_weak__drop50	0.7176566633519342	0.7211795945343413	1.0	0.7176566633519342
proba_weak__drop80	0.08747241932253358	0.40785616518454315	0.7176566633519342	1.0
