	proba_weak	proba_weak__drop30	proba_weak__drop50	proba_weak__drop80
proba_weak	1.0	0.40785616518454315	0.40785616518454315	0.023347807097146678
proba_weak__drop30	0.40785616518454315	1.0	0.8161727496262713	0.40785616518454315
proba_weak__drop50	0.40785616518454315	0.8161727496262713	1.0	0.40785616518454315
proba_weak__drop80	0.023347807097146678	0.40785616518454315	0.40785616518454315	1.0
