	proba_weak	proba_weak__drop30	proba_weak__drop50	proba_weak__drop80
proba_weak	1.0	0.7732442429076325	0.1749717530994755	0.8161727496262713
proba_weak__drop30	0.7732442429076325	1.0	0.7732442429076325	0.7176566633519342
proba_weak__drop50	0.1749717530994755	0.7732442429076325	1.0	0.13580684064409734
proba_weak__drop80	0.8161727496262713	0.7176566633519342	0.13580684064409734	1.0
