	embedding_weak_chi2	proba_weak	embedding_weak	proba	embedding
embedding_weak_chi2	1.0	0.09041700015785326	0.9	0.3172058680752413	0.9
proba_weak	0.09041700015785326	1.0	0.07047640293824908	0.9	0.00858080288642471
embedding_weak	0.9	0.07047640293824908	1.0	0.2659180922614556	0.9
proba	0.3172058680752413	0.9	0.2659180922614556	1.0	0.05396254294088054
embedding	0.9	0.00858080288642471	0.9	0.05396254294088054	1.0
