	embedding_weak_chi2	proba_weak	embedding_weak	proba	embedding
embedding_weak_chi2	1.0	0.14467269003876482	0.9	0.43559592735046815	0.8378224470053398
proba_weak	0.14467269003876482	1.0	0.04090200577890224	0.9	0.00858080288642471
embedding_weak	0.9	0.04090200577890224	1.0	0.17946626445912217	0.9
proba	0.43559592735046815	0.9	0.17946626445912217	1.0	0.05396254294088054
embedding	0.8378224470053398	0.00858080288642471	0.9	0.05396254294088054	1.0
