	embedding_weak_chi2	proba_weak	embedding_weak	proba	embedding
embedding_weak_chi2	1.0	0.9	0.8378224470053401	0.016585147862772875	0.016585147862772875
proba_weak	0.9	1.0	0.9	0.14467269003876482	0.14467269003876482
embedding_weak	0.8378224470053401	0.9	1.0	0.22000392308985195	0.22000392308985195
proba	0.016585147862772875	0.14467269003876482	0.22000392308985195	1.0	0.9
embedding	0.016585147862772875	0.14467269003876482	0.22000392308985195	0.9	1.0
