	embedding_weak_chi2	proba_weak	embedding_weak	proba	embedding
embedding_weak_chi2	1.0	0.4971255268182868	0.9	0.01199585455195129	0.022660626220582847
proba_weak	0.4971255268182868	1.0	0.6108102590220721	0.49712552681828726	0.610810259022071
embedding_weak	0.9	0.6108102590220721	1.0	0.022660626220582847	0.04090200577890224
proba	0.01199585455195129	0.49712552681828726	0.022660626220582847	1.0	0.9
embedding	0.022660626220582847	0.610810259022071	0.04090200577890224	0.9	1.0
