	embedding_weak_chi2	proba_weak	embedding_weak	proba	embedding
embedding_weak_chi2	1.0	0.7243188684112062	0.8378224470053398	0.4355959273504688	0.09041700015785326
proba_weak	0.7243188684112062	1.0	0.17946626445912217	0.030625839356264506	0.00201532236655233
embedding_weak	0.8378224470053398	0.17946626445912217	1.0	0.9	0.5540609638468028
proba	0.4355959273504688	0.030625839356264506	0.9	1.0	0.9
embedding	0.09041700015785326	0.00201532236655233	0.5540609638468028	0.9	1.0
