	embedding_weak_chi2	proba_weak	embedding_weak	proba	embedding
embedding_weak_chi2	1.0	0.49712552681828726	0.9	0.43559592735046826	0.22000392308985206
proba_weak	0.49712552681828726	1.0	0.610810259022071	0.00858080288642471	0.00201532236655233
embedding_weak	0.9	0.610810259022071	1.0	0.3172058680752413	0.14467269003876482
proba	0.43559592735046826	0.00858080288642471	0.3172058680752413	1.0	0.9
embedding	0.22000392308985206	0.00201532236655233	0.14467269003876482	0.9	1.0
