	embedding_weak_chi2	proba_weak	embedding_weak	proba	embedding
embedding_weak_chi2	1.0	0.49712552681828726	0.9	0.8945782075082741	0.22000392308985206
proba_weak	0.49712552681828726	1.0	0.17946626445912217	0.09041700015785326	0.00201532236655233
embedding_weak	0.9	0.17946626445912217	1.0	0.9	0.5540609638468028
proba	0.8945782075082741	0.09041700015785326	0.9	1.0	0.7243188684112063
embedding	0.22000392308985206	0.00201532236655233	0.5540609638468028	0.7243188684112063	1.0
