	embedding_weak_chi2	proba_weak	embedding_weak	proba	embedding
embedding_weak_chi2	1.0	0.9	0.9	0.8945782075082741	0.09041700015785326
proba_weak	0.9	1.0	0.9	0.9	0.3744368275294072
embedding_weak	0.9	0.9	1.0	0.8378224470053398	0.07047640293824908
proba	0.8945782075082741	0.9	0.8378224470053398	1.0	0.4971255268182875
embedding	0.09041700015785326	0.3744368275294072	0.07047640293824908	0.4971255268182875	1.0
