	embedding_weak_chi2	proba_weak	embedding_weak	proba	embedding
embedding_weak_chi2	1.0	0.37443682752940766	0.9	0.5540609638468026	0.3172058680752413
proba_weak	0.37443682752940766	1.0	0.7243188684112062	0.00858080288642471	0.00201532236655233
embedding_weak	0.9	0.7243188684112062	1.0	0.22000392308985206	0.09041700015785326
proba	0.5540609638468026	0.00858080288642471	0.22000392308985206	1.0	0.9
embedding	0.3172058680752413	0.00201532236655233	0.09041700015785326	0.9	1.0
