	embedding_weak_chi2	proba_weak	embedding_weak	proba	embedding
embedding_weak_chi2	1.0	0.9	0.9	0.9	0.3172058680752413
proba_weak	0.9	1.0	0.9	0.7810712581307878	0.05396254294088054
embedding_weak	0.9	0.9	1.0	0.9	0.14467269003876482
proba	0.9	0.7810712581307878	0.9	1.0	0.4971255268182875
embedding	0.3172058680752413	0.05396254294088054	0.14467269003876482	0.4971255268182875	1.0
