	embedding_weak_chi2	proba_weak	embedding_weak	proba	embedding
embedding_weak_chi2	1.0	0.49712552681828726	0.9	0.31720586807524165	0.31720586807524165
proba_weak	0.49712552681828726	1.0	0.610810259022071	0.004247966708778805	0.004247966708778805
embedding_weak	0.9	0.610810259022071	1.0	0.22000392308985195	0.22000392308985195
proba	0.31720586807524165	0.004247966708778805	0.22000392308985195	1.0	0.9
embedding	0.31720586807524165	0.004247966708778805	0.22000392308985195	0.9	1.0
