	embedding_weak_chi2	proba_weak	embedding_weak	proba	embedding
embedding_weak_chi2	1.0	0.2659180922614556	0.9	0.7243188684112062	0.4971255268182868
proba_weak	0.2659180922614556	1.0	0.7243188684112062	0.011995854551952512	0.002942051328913786
embedding_weak	0.9	0.7243188684112062	1.0	0.2659180922614556	0.1154003029882762
proba	0.7243188684112062	0.011995854551952512	0.2659180922614556	1.0	0.9
embedding	0.4971255268182868	0.002942051328913786	0.1154003029882762	0.9	1.0
