	embedding_weak_chi2	proba_weak	embedding_weak	proba	embedding
embedding_weak_chi2	1.0	0.9	0.9	0.07047640293821211	0.8378224470053398
proba_weak	0.9	1.0	0.9	0.022660626220582847	0.610810259022071
embedding_weak	0.9	0.9	1.0	0.04090200577890224	0.7243188684112065
proba	0.07047640293821211	0.022660626220582847	0.04090200577890224	1.0	0.49712552681828726
embedding	0.8378224470053398	0.610810259022071	0.7243188684112065	0.49712552681828726	1.0
