	embedding_weak_chi2	proba_weak	embedding_weak	proba	embedding
embedding_weak_chi2	1.0	0.9	0.9	0.04090200577890224	0.4971255268182868
proba_weak	0.9	1.0	0.9	0.006071443763657536	0.17946626445912217
embedding_weak	0.9	0.9	1.0	0.07047640293821211	0.610810259022071
proba	0.04090200577890224	0.006071443763657536	0.07047640293821211	1.0	0.7243188684112062
embedding	0.4971255268182868	0.17946626445912217	0.610810259022071	0.7243188684112062	1.0
