	embedding_weak_chi2	proba_weak	embedding_weak	proba	embedding
embedding_weak_chi2	1.0	0.14467269003876626	0.9	0.0904170001578527	0.9
proba_weak	0.14467269003876626	1.0	0.49712552681828726	0.9	0.14467269003876626
embedding_weak	0.9	0.49712552681828726	1.0	0.37443682752940766	0.9
proba	0.0904170001578527	0.9	0.37443682752940766	1.0	0.0904170001578527
embedding	0.9	0.14467269003876626	0.9	0.0904170001578527	1.0
