	embedding_weak_chi2	proba_weak	embedding_weak	proba	embedding
embedding_weak_chi2	1.0	0.0904170001578527	0.9	0.05396254294093483	0.9
proba_weak	0.0904170001578527	1.0	0.17946626445912217	0.9	0.0904170001578527
embedding_weak	0.9	0.17946626445912217	1.0	0.1154003029882762	0.9
proba	0.05396254294093483	0.9	0.1154003029882762	1.0	0.05396254294093483
embedding	0.9	0.0904170001578527	0.9	0.05396254294093483	1.0
