	embedding_weak_chi2	proba_weak	embedding_weak	proba	embedding
embedding_weak_chi2	1.0	0.2659180922614556	0.9	0.9	0.610810259022071
proba_weak	0.2659180922614556	1.0	0.7243188684112065	0.1154003029882752	0.006071443763657536
embedding_weak	0.9	0.7243188684112065	1.0	0.7243188684112062	0.17946626445912217
proba	0.9	0.1154003029882752	0.7243188684112062	1.0	0.8378224470053398
embedding	0.610810259022071	0.006071443763657536	0.17946626445912217	0.8378224470053398	1.0
