	embedding_weak_chi2	proba_weak	embedding_weak	proba	embedding
embedding_weak_chi2	1.0	0.9	0.610810259022071	0.008580802886424599	0.030625839356264506
proba_weak	0.9	1.0	0.8378224470053398	0.030625839356264506	0.09041700015785326
embedding_weak	0.610810259022071	0.8378224470053398	1.0	0.3172058680752413	0.5540609638468026
proba	0.008580802886424599	0.030625839356264506	0.3172058680752413	1.0	0.9
embedding	0.030625839356264506	0.09041700015785326	0.5540609638468026	0.9	1.0
