	embedding	embedding_weak	embedding_weak_chi2	proba	proba_weak
embedding	1.0	0.005838193806382841	0.004683182670634167	0.45140921380912036	0.001
embedding_weak	0.005838193806382841	1.0	0.9	0.4130545658550696	0.14642724309722654
embedding_weak_chi2	0.004683182670634167	0.9	1.0	0.3753314039003587	0.1677810890251864
proba	0.45140921380912036	0.4130545658550696	0.3753314039003587	1.0	0.001
proba_weak	0.001	0.14642724309722654	0.1677810890251864	0.001	1.0
