	embedding	embedding_weak	embedding_weak_chi2	proba	proba_weak
embedding	1.0	0.013547616102204452	0.01653739826324996	0.05905743955100806	0.001
embedding_weak	0.013547616102204452	1.0	0.9	0.9	0.19079307571764148
embedding_weak_chi2	0.01653739826324996	0.9	1.0	0.9	0.1677810890251864
proba	0.05905743955100806	0.9	0.9	1.0	0.05905743955100806
proba_weak	0.001	0.19079307571764148	0.1677810890251864	0.05905743955100806	1.0
