	embedding	embedding_weak	embedding_weak_chi2	proba	proba_weak
embedding	1.0	0.008968539439699885	0.0018562256091857465	0.45140921380912036	0.001
embedding_weak	0.008968539439699885	1.0	0.9	0.4895597741389368	0.14642724309722255
embedding_weak_chi2	0.0018562256091857465	0.9	1.0	0.2437094886466038	0.3390311754908508
proba	0.45140921380912036	0.4895597741389368	0.2437094886466038	1.0	0.001
proba_weak	0.001	0.14642724309722255	0.3390311754908508	0.001	1.0
