	embedding	embedding_weak	embedding_weak_chi2	proba	proba_weak
embedding	1.0	0.011047012649714305	0.011047012649714305	0.19079307571764126	0.001
embedding_weak	0.011047012649714305	1.0	0.9	0.8070088666473484	0.11037147766853284
embedding_weak_chi2	0.011047012649714305	0.9	1.0	0.8070088666473484	0.11037147766853284
proba	0.19079307571764126	0.8070088666473484	0.8070088666473484	1.0	0.004683182670634167
proba_weak	0.001	0.11037147766853284	0.11037147766853284	0.004683182670634167	1.0
