	embedding	embedding_weak	embedding_weak_chi2	proba	proba_weak
embedding	1.0	0.02010088917281916	0.01653739826324996	0.04198268804704064	0.001
embedding_weak	0.02010088917281916	1.0	0.9	0.9	0.14642724309722654
embedding_weak_chi2	0.01653739826324996	0.9	1.0	0.9	0.1677810890251864
proba	0.04198268804704064	0.9	0.9	1.0	0.08160772953265572
proba_weak	0.001	0.14642724309722654	0.1677810890251864	0.08160772953265572	1.0
