	embedding_weak_chi2	proba_weak	embedding_weak	proba	embedding
embedding_weak_chi2	1.0	0.26591809226145546	0.9	0.49712552681828726	0.49712552681828726
proba_weak	0.26591809226145546	1.0	0.26591809226145546	0.9	0.002942051328913786
embedding_weak	0.9	0.26591809226145546	1.0	0.49712552681828726	0.49712552681828726
proba	0.49712552681828726	0.9	0.49712552681828726	1.0	0.011995854551952512
embedding	0.49712552681828726	0.002942051328913786	0.49712552681828726	0.011995854551952512	1.0
