	embedding_weak_chi2	proba_weak	embedding_weak	proba	embedding
embedding_weak_chi2	1.0	0.1154003029882752	0.9	0.610810259022071	0.6108102590220721
proba_weak	0.1154003029882752	1.0	0.04090200577890224	0.8378224470053398	0.0013623366408801463
embedding_weak	0.9	0.04090200577890224	1.0	0.37443682752940766	0.8378224470053397
proba	0.610810259022071	0.8378224470053398	0.37443682752940766	1.0	0.04090200577890224
embedding	0.6108102590220721	0.0013623366408801463	0.8378224470053397	0.04090200577890224	1.0
