	embedding_weak_chi2	proba_weak	embedding_weak	proba	embedding
embedding_weak_chi2	1.0	0.49712552681828726	0.9	0.17946626445912217	0.7243188684112065
proba_weak	0.49712552681828726	1.0	0.37443682752940766	0.0013623366408801463	0.04090200577890224
embedding_weak	0.9	0.37443682752940766	1.0	0.2659180922614556	0.8378224470053398
proba	0.17946626445912217	0.0013623366408801463	0.2659180922614556	1.0	0.8378224470053397
embedding	0.7243188684112065	0.04090200577890224	0.8378224470053398	0.8378224470053397	1.0
