	embedding_weak_chi2	proba_weak	embedding_weak	proba	embedding
embedding_weak_chi2	1.0	0.07047640293821211	0.9	0.8378224470053398	0.07047640293821211
proba_weak	0.07047640293821211	1.0	0.37443682752940766	0.49712552681828726	0.9
embedding_weak	0.9	0.37443682752940766	1.0	0.9	0.37443682752940766
proba	0.8378224470053398	0.49712552681828726	0.9	1.0	0.49712552681828726
embedding	0.07047640293821211	0.9	0.37443682752940766	0.49712552681828726	1.0
