	embedding_weak_chi2	proba_weak	embedding_weak	proba	embedding
embedding_weak_chi2	1.0	0.610810259022071	0.9	0.17946626445912217	0.9
proba_weak	0.610810259022071	1.0	0.9	0.9	0.9
embedding_weak	0.9	0.9	1.0	0.6108102590220721	0.9
proba	0.17946626445912217	0.9	0.6108102590220721	1.0	0.4971255268182875
embedding	0.9	0.9	0.9	0.4971255268182875	1.0
