	embedding_weak_chi2	proba_weak	embedding_weak	proba	embedding
embedding_weak_chi2	1.0	0.49712552681828726	0.9	0.37443682752940766	0.9
proba_weak	0.49712552681828726	1.0	0.17946626445912217	0.9	0.11540030298827397
embedding_weak	0.9	0.17946626445912217	1.0	0.11540030298827397	0.9
proba	0.37443682752940766	0.9	0.11540030298827397	1.0	0.07047640293822444
embedding	0.9	0.11540030298827397	0.9	0.07047640293822444	1.0
