	embedding_weak_chi2	proba_weak	embedding_weak	proba	embedding
embedding_weak_chi2	1.0	0.9	0.7243188684112065	0.37443682752940766	0.9
proba_weak	0.9	1.0	0.9	0.7243188684112062	0.9
embedding_weak	0.7243188684112065	0.9	1.0	0.9	0.9
proba	0.37443682752940766	0.7243188684112062	0.9	1.0	0.610810259022071
embedding	0.9	0.9	0.9	0.610810259022071	1.0
