	embedding_weak_chi2	proba_weak	embedding_weak	proba	embedding
embedding_weak_chi2	1.0	0.9	0.9	0.26591809226145546	0.07047640293824908
proba_weak	0.9	1.0	0.9	0.07047640293822444	0.011995854551952512
embedding_weak	0.9	0.9	1.0	0.26591809226145546	0.07047640293824908
proba	0.26591809226145546	0.07047640293822444	0.26591809226145546	1.0	0.9
embedding	0.07047640293824908	0.011995854551952512	0.07047640293824908	0.9	1.0
