	embedding_weak_chi2	proba_weak	embedding_weak	proba	embedding
embedding_weak_chi2	1.0	0.7243188684112065	0.9	0.04090200577890224	0.006071443763657536
proba_weak	0.7243188684112065	1.0	0.9	0.4971255268182875	0.17946626445912217
embedding_weak	0.9	0.9	1.0	0.17946626445912217	0.04090200577890224
proba	0.04090200577890224	0.4971255268182875	0.17946626445912217	1.0	0.9
embedding	0.006071443763657536	0.17946626445912217	0.04090200577890224	0.9	1.0
