	embedding_weak_chi2	proba_weak	embedding_weak	proba	embedding
embedding_weak_chi2	1.0	0.8378224470053401	0.9	0.610810259022071	0.07047640293821211
proba_weak	0.8378224470053401	1.0	0.8378224470053401	0.1154003029882762	0.002942051328913786
embedding_weak	0.9	0.8378224470053401	1.0	0.610810259022071	0.07047640293821211
proba	0.610810259022071	0.1154003029882762	0.610810259022071	1.0	0.7243188684112062
embedding	0.07047640293821211	0.002942051328913786	0.07047640293821211	0.7243188684112062	1.0
