	embedding_weak_chi2	proba_weak	embedding_weak	proba	embedding
embedding_weak_chi2	1.0	0.9	0.9	0.9	0.1154003029882752
proba_weak	0.9	1.0	0.7243188684112063	0.7243188684112063	0.022660626220582847
embedding_weak	0.9	0.7243188684112063	1.0	0.9	0.37443682752940766
proba	0.9	0.7243188684112063	0.9	1.0	0.37443682752940766
embedding	0.1154003029882752	0.022660626220582847	0.37443682752940766	0.37443682752940766	1.0
