	embedding_weak_chi2	proba_weak	embedding_weak
embedding_weak_chi2	1.0	0.13944521784903308	0.6008201349350428
proba_weak	0.13944521784903308	1.0	0.012314683558201311
embedding_weak	0.6008201349350428	0.012314683558201311	1.0
