	embedding_weak_chi2	proba_weak	embedding_weak	proba	embedding
embedding_weak_chi2	1.0	0.9	0.9	0.22000392308985184	0.14467269003876482
proba_weak	0.9	1.0	0.9	0.11540030298827397	0.07047640293824908
embedding_weak	0.9	0.9	1.0	0.05396254294088054	0.030625839356264506
proba	0.22000392308985184	0.11540030298827397	0.05396254294088054	1.0	0.9
embedding	0.14467269003876482	0.07047640293824908	0.030625839356264506	0.9	1.0
