	embedding_weak_chi2	proba_weak	embedding_weak	proba	embedding
embedding_weak_chi2	1.0	0.9	0.9	0.17946626445912217	0.17946626445912217
proba_weak	0.9	1.0	0.9	0.11540030298827397	0.11540030298827397
embedding_weak	0.9	0.9	1.0	0.11540030298827397	0.11540030298827397
proba	0.17946626445912217	0.11540030298827397	0.11540030298827397	1.0	0.9
embedding	0.17946626445912217	0.11540030298827397	0.11540030298827397	0.9	1.0
