	embedding_weak_chi2	proba_weak	embedding_weak	proba	embedding
embedding_weak_chi2	1.0	0.7243188684112062	0.9	0.9	0.37443682752940766
proba_weak	0.7243188684112062	1.0	0.6108102590220721	0.6108102590220721	0.022660626220582847
embedding_weak	0.9	0.6108102590220721	1.0	0.9	0.49712552681828726
proba	0.9	0.6108102590220721	0.9	1.0	0.49712552681828726
embedding	0.37443682752940766	0.022660626220582847	0.49712552681828726	0.49712552681828726	1.0
