	embedding_weak_chi2	proba_weak	embedding_weak	proba	embedding
embedding_weak_chi2	1.0	0.04090200577890224	0.7243188684112062	0.610810259022071	0.07047640293821211
proba_weak	0.04090200577890224	1.0	0.49712552681828726	0.6108102590220721	0.9
embedding_weak	0.7243188684112062	0.49712552681828726	1.0	0.9	0.610810259022071
proba	0.610810259022071	0.6108102590220721	0.9	1.0	0.7243188684112062
embedding	0.07047640293821211	0.9	0.610810259022071	0.7243188684112062	1.0
