	embedding_weak_chi2	proba_weak	embedding_weak	proba	embedding
embedding_weak_chi2	1.0	0.9	0.2659180922614556	0.37443682752940766	0.01199585455195129
proba_weak	0.9	1.0	0.2659180922614556	0.37443682752940766	0.01199585455195129
embedding_weak	0.2659180922614556	0.2659180922614556	1.0	0.9	0.7243188684112065
proba	0.37443682752940766	0.37443682752940766	0.9	1.0	0.610810259022071
embedding	0.01199585455195129	0.01199585455195129	0.7243188684112065	0.610810259022071	1.0
