	embedding_weak_chi2	proba_weak	embedding_weak	proba	embedding
embedding_weak_chi2	1.0	0.37443682752940766	0.9	0.07047640293824908	0.9
proba_weak	0.37443682752940766	1.0	0.49712552681828726	0.9	0.1154003029882752
embedding_weak	0.9	0.49712552681828726	1.0	0.1154003029882752	0.9
proba	0.07047640293824908	0.9	0.1154003029882752	1.0	0.01199585455195129
embedding	0.9	0.1154003029882752	0.9	0.01199585455195129	1.0
