	embedding_weak_chi2	proba_weak	embedding_weak	proba	embedding
embedding_weak_chi2	1.0	0.9	0.8378224470053398	0.9	0.610810259022071
proba_weak	0.9	1.0	0.9	0.9	0.2659180922614556
embedding_weak	0.8378224470053398	0.9	1.0	0.9	0.1154003029882752
proba	0.9	0.9	0.9	1.0	0.17946626445912217
embedding	0.610810259022071	0.2659180922614556	0.1154003029882752	0.17946626445912217	1.0
