	embedding	embedding_weak	embedding_weak_chi2	proba	proba_weak
embedding	1.0	0.09486665063066557	0.08160772953265572	0.04198268804704064	0.001
embedding_weak	0.09486665063066557	1.0	0.9	0.9	0.02010088917281916
embedding_weak_chi2	0.08160772953265572	0.9	1.0	0.9	0.024319178772926664
proba	0.04198268804704064	0.9	0.9	1.0	0.04986135750624299
proba_weak	0.001	0.02010088917281916	0.024319178772926664	0.04986135750624299	1.0
