	embedding	embedding_weak	embedding_weak_chi2	proba	proba_weak
embedding	1.0	0.21630856398802334	0.21630856398802334	0.011047012649714416	0.001
embedding_weak	0.21630856398802334	1.0	0.9	0.7718138572811055	0.013547616102204452
embedding_weak_chi2	0.21630856398802334	0.9	1.0	0.7718138572811055	0.013547616102204452
proba	0.011047012649714416	0.7718138572811055	0.7718138572811055	1.0	0.24370948864660558
proba_weak	0.001	0.013547616102204452	0.013547616102204452	0.24370948864660558	1.0
