	embedding	embedding_weak	embedding_weak_chi2	proba	proba_weak
embedding	1.0	0.007252569109660545	0.01653739826324996	0.0696132292463385	0.001
embedding_weak	0.007252569109660545	1.0	0.9	0.9	0.04198268804704064
embedding_weak_chi2	0.01653739826324996	0.9	1.0	0.9	0.02010088917281916
proba	0.0696132292463385	0.9	0.9	1.0	0.003737170144454627
proba_weak	0.001	0.04198268804704064	0.02010088917281916	0.003737170144454627	1.0
