	embedding	embedding_weak	embedding_weak_chi2	proba	proba_weak
embedding	1.0	0.007252569109660656	0.21630856398802167	0.9	0.4895597741389368
embedding_weak	0.007252569109660656	1.0	0.7014183733250922	0.001	0.41305456585507005
embedding_weak_chi2	0.21630856398802167	0.7014183733250922	1.0	0.05905743955099163	0.9
proba	0.9	0.001	0.05905743955099163	1.0	0.1907930757176406
proba_weak	0.4895597741389368	0.41305456585507005	0.9	0.1907930757176406	1.0
