	embedding	embedding_weak	embedding_weak_chi2	proba	proba_weak
embedding	1.0	0.024319178772926664	0.0018562256091857465	0.4130545658550693	0.001
embedding_weak	0.024319178772926664	1.0	0.9	0.7014183733250922	0.013547616102204452
embedding_weak_chi2	0.0018562256091857465	0.9	1.0	0.27354186029259575	0.11037147766853284
proba	0.4130545658550693	0.7014183733250922	0.27354186029259575	1.0	0.001
proba_weak	0.001	0.013547616102204452	0.11037147766853284	0.001	1.0
