	embedding	embedding_weak	embedding_weak_chi2	proba	proba_weak
embedding	1.0	0.14642724309722654	0.09486665063066557	0.3753314039003587	0.001
embedding_weak	0.14642724309722654	1.0	0.9	0.9	0.14642724309722255
embedding_weak_chi2	0.09486665063066557	0.9	1.0	0.9	0.21630856398802434
proba	0.3753314039003587	0.9	0.9	1.0	0.04198268804704064
proba_weak	0.001	0.14642724309722255	0.21630856398802434	0.04198268804704064	1.0
