	embedding	embedding_weak	embedding_weak_chi2	proba	proba_weak
embedding	1.0	0.41305456585507005	0.30528468430211475	0.1271260038230131	0.001
embedding_weak	0.41305456585507005	1.0	0.9	0.9	0.09486665063066557
embedding_weak_chi2	0.30528468430211475	0.9	1.0	0.9	0.14642724309722654
proba	0.1271260038230131	0.9	0.9	1.0	0.3390311754908505
proba_weak	0.001	0.09486665063066557	0.14642724309722654	0.3390311754908505	1.0
