	embedding	embedding_weak	embedding_weak_chi2	proba	proba_weak
embedding	1.0	0.007252569109660656	0.007252569109660656	0.4130545658550693	0.001
embedding_weak	0.007252569109660656	1.0	0.9	0.4895597741389368	0.04198268804704064
embedding_weak_chi2	0.007252569109660656	0.9	1.0	0.4895597741389368	0.04198268804704064
proba	0.4130545658550693	0.4895597741389368	0.4895597741389368	1.0	0.001
proba_weak	0.001	0.04198268804704064	0.04198268804704064	0.001	1.0
