	embedding	embedding_weak	embedding_weak_chi2	proba	proba_weak
embedding	1.0	0.2437094886466038	0.19079307571764126	0.011047012649714416	0.001
embedding_weak	0.2437094886466038	1.0	0.9	0.7366167476562769	0.011047012649714305
embedding_weak_chi2	0.19079307571764126	0.9	1.0	0.8070088666473484	0.01653739826324996
proba	0.011047012649714416	0.7366167476562769	0.8070088666473484	1.0	0.24370948864660558
proba_weak	0.001	0.011047012649714305	0.01653739826324996	0.24370948864660558	1.0
