	embedding_weak_chi2	proba_weak	embedding_weak	proba	embedding
embedding_weak_chi2	1.0	0.9	0.9	0.17946626445912217	0.1154003029882762
proba_weak	0.9	1.0	0.9	0.11540030298827397	0.07047640293824908
embedding_weak	0.9	0.9	1.0	0.07047640293822444	0.04090200577890224
proba	0.17946626445912217	0.11540030298827397	0.07047640293822444	1.0	0.9
embedding	0.1154003029882762	0.07047640293824908	0.04090200577890224	0.9	1.0
